"LBD"	"Alzheimer"	"eQTLs"	"MS"	"pQTLs"	"Parkinson"	"ALS"
"rs1000215"	-0.00682221850207579	0.00143978696320346	0.0347906	-0.057446	-0.301325	-0.0075	-0.0265
"rs10085549"	-0.0100816494750809	0.00223881096812274	0.0371204	-0.0441159	-0.372172	1e-04	-0.0265
"rs1015538"	0.0517097076755017	-0.00883776364056346	-0.0576366	0.0424514	0.524922	-0.0053	0.0302
"rs10215184"	-0.038713801654627	0.00220257374070676	0.031847	0.10544	-0.286448	-0.0048	0.0301
"rs10225908"	-0.0711738194545249	0.00245100854069818	0.0520957	0.337316	-0.215112	0.0255	0.0023
"rs10231522"	-0.0527923120902438	0.000693630307343481	0.014741	0.0512903	-0.156057	-0.0253	-0.0089
"rs10231604"	-0.0254080684679012	0.00760694844744181	0.0248306	0.0540677	-0.350123	-0.0103	-0.0195
"rs10231649"	-0.0440386206529828	-0.00126294073673073	0.0182945	0.0106827	-0.174532	-0.0214	0.0042
"rs10235630"	0.0181640306276693	-0.00727731010993421	-0.0261746	-0.0296809	0.353615	-0.0119	0.015
"rs10246243"	-0.0157341348470518	-0.000727866136217343	0.00847873	-0.0617341	-0.10616	-1e-04	-0.0237
"rs10247962"	-0.0717248141319795	-0.00612874212281294	0.000160485	-0.0220581	0.465478	-0.0036	-0.0199
"rs10252884"	0.031799009548949	-0.0152921444987263	-0.0656525	0.0966023	0.7643	0.0073	0.0314
"rs1025576"	-0.00898524669672993	0.00658837568151048	0.0180931	-0.01593	-0.274471	0.0171	-0.0168
"rs10267212"	0.0565882513281912	-0.00917855673339931	-0.0617396	-0.00111734	0.603464	-8e-04	0.0258
"rs10267231"	0.0536545045354924	-0.00957794912787307	-0.0620406	0.00185641	0.603277	-9e-04	0.0256
"rs10269419"	-0.0211388596571295	0.00075360897653207	0.0159074	0.129593	-0.05916	-0.0353	-0.0321
"rs10269574"	-0.0102877377684799	-0.00086877069473349	0.03781	-0.0405147	-0.0958705	-0.0045	-0.0249
"rs10269641"	-0.0120007214680659	-0.000711369697625539	0.00785801	-0.0473548	-0.0941034	-0.0095	-0.0254
"rs10272125"	-0.0293659908308592	0.00386911961391937	0.0355548	0.071581	-0.268562	-0.0114	0.0273
"rs10275052"	0.061471322088101	-0.00954389576087771	-0.0613994	-0.0233745	0.598025	-7e-04	0.0245
"rs10281368"	0.0512062906028311	-0.00907972781162219	-0.0682818	-0.0223914	0.641796	6e-04	0.0367
"rs1050542"	-0.0361257475043068	0.00656604254516546	0.0228251	0.024168	-0.331389	-0.0066	-0.0238
"rs1059129"	-0.0163255393788803	0.00201329764549033	0.0332898	-0.0479364	-0.37144	-0.009	-0.0284
"rs1060544"	0.0534649346689506	-0.00894009558540961	-0.0669682	-0.00623122	0.632497	-0.0016	0.0338
"rs1061230"	0.0309752742993201	-0.0144287387251116	-0.06658	0.0498156	0.764782	0.009	0.0309
"rs1063945"	-0.015520827299422	0.00194093833814786	0.0347497	-0.0510642	-0.370309	-0.009	-0.0272
"rs1073"	-0.00564087989008573	0.00127551140350773	0.0344907	-0.0582766	-0.30272	-0.0178	-0.0239
"rs1076237"	0.0579669757545322	-0.0092946437593886	-0.0609672	-0.00294797	0.599892	3e-04	0.0259
"rs10953293"	-0.0951582913399617	-0.00581698651457758	0.0118886	-0.0162884	-0.0520409	-0.0299	-0.0104
"rs10953294"	-0.0737294284258248	-0.00477838388217041	0.0118283	-0.0130151	-0.0919788	-0.0419	-0.0069
"rs10953295"	0.00830035281589634	-0.0118453533601623	-0.0440417	9.03188e-05	0.535872	0.0067	0.0076
"rs10953298"	-0.0956951538973427	0.00213771419061689	0.00186594	0.0222037	-0.233731	0.0016	-0.019
"rs10953299"	-0.133596537603554	0.000750773488077877	-0.0101098	0.0758744	-0.266493	-0.0068	-0.0138
"rs10953301"	-0.104029180056266	0.00178111224485781	-0.00610559	0.041683	-0.179864	0.0113	-0.0125
"rs111265471"	-0.00455937818603903	0.00142356976012306	0.0316841	-0.0581678	-0.302739	-0.0181	-0.0238
"rs111312383"	-0.0150212562905501	0.00192333863963598	0.0348805	-0.0524303	-0.370086	-0.0084	-0.0277
"rs111493473"	-0.00802511527054802	0.00144051843581156	0.0306942	-0.0520561	-0.303824	-0.0182	-0.024
"rs111637442"	0.0027561981937171	0.00013384495323382	0.0117723	0.0237182	-0.267018	0.0179	0.0216
"rs111757992"	-0.00406424787781608	0.00127894035863986	0.0344752	-0.0594714	-0.301303	-0.0164	-0.0259
"rs111771582"	-0.0197211906122365	0.00063362482361711	0.0111537	0.155184	-0.110521	-0.0081	-0.0134
"rs111972532"	-0.00948382968176175	0.000689939254432008	0.0334877	-0.0599182	-0.300436	-0.0167	-0.0215
"rs111984557"	0.0182818636780125	0.00142392993638787	0.0515313	0.250667	-0.325146	0.0652	0.0404
"rs1121592"	0.0167194478067678	-0.00700583052013543	-0.0241221	-0.0334519	0.359128	-0.0146	0.0155
"rs112241539"	-0.00269161915898778	-0.000354623455274301	0.00781865	-0.0392414	-0.102564	-0.0044	-0.0255
"rs112317829"	-0.00826304512067576	0.00159367656038706	0.0297869	-0.0557247	-0.303773	-0.0177	-0.0246
"rs112345649"	-0.0161649516681703	0.00196214509478432	0.0352983	-0.0511857	-0.370249	-0.0091	-0.0271
"rs112500096"	0.00194810121801577	0.000122318394473103	0.0138925	0.0229317	-0.266546	0.0175	0.022
"rs112584742"	0.00839466598826922	0.00235348356422218	0.0542823	0.241964	-0.32621	0.0616	0.04
"rs112622797"	-0.0124187950054949	0.00274422691240183	0.0329516	-0.0429546	-0.378477	-0.0096	-0.0314
"rs112888745"	0.00617092064366358	-0.00335897767719925	0.0417623	0.202975	-0.125931	0.0692	0.0406
"rs113261079"	-0.0161649516681703	0.00193337871378126	0.0351335	-0.0525627	-0.370514	-0.009	-0.0272
"rs113352444"	-0.0229309152907214	0.00101538737243842	0.00932297	0.15325	-0.110326	-0.0061	-0.0127
"rs113353752"	-0.033354115339403	-0.00112635181979146	0.0109071	-0.0497744	-0.0938102	-0.0139	-0.0277
"rs1133790"	-0.00109459885480465	0.00436757561227358	0.0263511	0.0139772	-0.26981	0.0131	-0.0144
"rs113401658"	-0.0210418347967309	-0.00139633057014595	0.00909924	-0.0406332	-0.0960276	-0.0104	-0.0285
"rs113571843"	0.0207433611378998	0.00206242761821478	0.0552192	0.248953	-0.325627	0.06	0.0394
"rs113734124"	-0.00114465486749329	0.0030796752531175	-0.0204146	-0.111503	-0.199653	-0.0177	0.0019
"rs113738841"	-0.0133659273673804	0.000869125460811968	0.0329606	-0.0547557	-0.299832	-0.0176	-0.0212
"rs113773536"	-0.0197211906122365	0.000708341375373371	0.0113463	0.155573	-0.110631	-0.0077	-0.0136
"rs113780351"	-0.032721558486387	0.000577490000758623	0.0113947	0.155188	-0.11062	-0.006	-0.0141
"rs113842733"	-0.0244740614744066	-0.00161052026758096	0.0100138	-0.0583668	-0.0905944	-0.0103	-0.0272
"rs113844570"	-0.0180560334795713	-0.000272083339068664	0.0101609	-0.0673476	-0.100275	-0.0124	-0.0274
"rs113870818"	0.0260088191810509	0.0016966100230344	0.0553088	0.267125	-0.323558	0.0569	0.0391
"rs1141057"	-0.0540402216347693	0.00622641256337395	0.0190807	0.0096888	-0.312009	-0.0086	-0.0239
"rs114119358"	-0.0229309152907214	0.000919805451480567	0.00919185	0.153368	-0.11028	-0.0063	-0.0127
"rs11489584"	-0.0438662067693719	0.00354019792007025	0.0179284	0.0237222	-0.37103	-0.0195	-0.0276
"rs11505840"	-0.013555461534522	0.00511413908932983	0.0363046	0.103126	-0.283747	-0.0075	0.0234
"rs11505847"	0.0739193829433231	-0.0119001300469844	-0.0543525	-0.0198099	0.677519	0.0017	0.0393
"rs11505848"	-0.0377610589669632	0.00573314772907981	0.0357305	0.0704361	-0.382516	-0.016	-0.0252
"rs11520986"	-0.114319415918541	0.00181033954916701	-0.0146432	0.065201	-0.191647	0.001	-0.0102
"rs11531577"	-0.0207559215367811	-0.000329316044271524	0.0106248	-0.0483779	-0.11513	-0.0022	-0.0249
"rs11550034"	-0.0617169056412734	-0.00168694146945895	0.0155072	-0.0181322	-0.140394	-0.007	-0.0144
"rs11558475"	0.0117408062030198	0.00364459837218137	0.0408384	-0.00399577	-0.271981	0.0079	-0.0084
"rs11558476"	0.0168177849261595	0.00379902229735161	0.0401523	0.000788319	-0.275664	0.0081	-0.0099
"rs11559117"	-0.0136740653548191	0.00105398027640034	0.0335916	-0.0555653	-0.299796	-0.0174	-0.0216
"rs116441192"	-0.0229309152907214	0.000959793699881955	0.00926669	0.153368	-0.110291	-0.0063	-0.0127
"rs117213436"	-0.0229309152907214	0.00105960337027676	0.00922927	0.153374	-0.11028	-0.0056	-0.0126
"rs117268080"	-0.0672119582547473	-0.00559859792491576	0.0125049	-0.0426241	-0.0561096	-0.0411	-0.0147
"rs11760536"	-0.00932534619677193	0.00159512749420508	0.0328754	-0.0558554	-0.306331	-0.0168	-0.0221
"rs11760595"	0.0602010026907569	0.0156894696263441	0.0340601	-0.175697	-0.344743	0.0508	-0.0085
"rs11760828"	0.000279960807315855	0.00149838789919808	-0.0234606	-0.102357	-0.199443	-0.0233	0.0028
"rs11761253"	-0.0132422934209895	0.00200501577918422	0.0354489	-0.0511834	-0.370141	-0.0094	-0.0271
"rs11761260"	0.0438159082844244	0.0197524954992573	0.0218583	-0.231889	-0.358038	0.0569	-0.0121
"rs11761624"	-0.00834673729686735	0.000455256165441191	0.0194612	-0.0192855	-0.26181	-0.0301	-0.0251
"rs11761725"	-0.00164935944578305	0.00210485851718791	0.0302339	-0.0521724	-0.310616	-0.0177	-0.0253
"rs11761784"	-0.00734188580585082	0.00166510911897681	0.0298584	-0.0550681	-0.303768	-0.0177	-0.0247
"rs11761882"	0.011157522695877	0.00982672048972747	0.0304032	-0.0858431	-0.341964	0.0263	-0.0141
"rs11762932"	-0.0166600104931999	-0.000474976261281163	0.0115928	-0.0527732	-0.11779	-7e-04	-0.0245
"rs11763511"	-0.0125504281784597	0.000895969129192384	0.0336202	-0.0544848	-0.299557	-0.0177	-0.0213
"rs11764045"	-0.091993585787615	0.000952313481335123	-0.0107011	0.0294544	-0.267731	-0.01	-0.0127
"rs11764176"	0.0323413351706627	-0.0151559612892145	-0.0679729	0.10409	0.762347	0.0087	0.0309
"rs11764818"	-0.00577967016211616	0.00135548857658282	0.0312472	-0.0588305	-0.302746	-0.0177	-0.0236
"rs11765024"	0.0372668825919297	0.0158694419589741	0.0359312	-0.163502	-0.343996	0.0457	-0.0057
"rs117656934"	-0.0214381640575551	0.000915527286609648	0.0079501	0.153817	-0.110094	-0.0049	-0.0134
"rs11765869"	-0.00870376813541615	0.00269629817527355	0.0358761	-0.039151	-0.379296	-0.0107	-0.0269
"rs11766202"	-0.0100069024533109	0.00173924894631146	0.0198458	-0.0216834	-0.263466	-0.0303	-0.0259
"rs11767547"	-0.0943612301994573	0.00134198677269181	-0.00814917	0.0432193	-0.257238	-0.008	-0.0123
"rs117678194"	-0.0285702709995902	-0.00114799190768287	0.0140634	0.154444	-0.0994168	-0.0162	-0.0297
"rs11767968"	0.0304710074150891	-0.0144383243894296	-0.0664054	0.0529995	0.764688	0.0089	0.0312
"rs11768171"	-0.0374007702544828	0.0071430058338391	0.02922	0.0698533	-0.382243	-0.0155	-0.0253
"rs11768465"	-0.084061187626435	0.00189529523131353	-0.0155959	-0.0175549	-0.295531	-0.0261	-0.0091
"rs11768933"	-0.00993721093923454	0.00207981359524282	0.0360425	-0.0453597	-0.370633	-0.0115	-0.0256
"rs11768967"	-0.0129829144902232	0.00229040520678287	0.0355434	-0.0421764	-0.371726	-0.0115	-0.0266
"rs11769012"	-0.116702369786142	0.00242464333178905	-0.0152138	0.0671432	-0.191277	0.0017	-0.0095
"rs11769057"	-0.0131115823474983	0.00196341534253007	0.0361961	-0.0453248	-0.370603	-0.0115	-0.0255
"rs11769700"	-0.0136365566429095	0.00063589135627121	0.033505	-0.0559156	-0.30016	-0.0195	-0.0212
"rs11769886"	3.99992000213727e-05	0.0018005658866606	0.0351698	-0.050427	-0.308184	-0.0165	-0.0274
"rs11770389"	-0.0949350501742435	0.00135461308274708	-0.00832845	0.0431875	-0.257376	-0.008	-0.0123
"rs11770534"	-0.141110901811963	0.000592534994081311	-0.0106778	0.0710827	-0.267347	-0.007	-0.0116
"rs11770546"	0.0118495163571492	0.00924924944445684	0.0353855	-0.0458146	-0.333569	0.0245	-0.0128
"rs11771139"	0.0579575388988924	-0.0115069946796654	-0.0557693	-0.0270297	0.677848	0.0027	0.0392
"rs11771167"	-0.0237467350735869	0.00791545439848268	0.0266212	0.0492879	-0.350918	-0.0116	-0.0188
"rs11771241"	-0.00512812639263045	0.00130823421285646	0.0345711	-0.0544232	-0.300079	-0.0165	-0.0264
"rs11771266"	0.0114640361082385	0.009832451643679	0.0307995	-0.0860099	-0.341794	0.0266	-0.0139
"rs11771331"	0.0499609071537703	-0.00911480747419154	-0.0585835	0.0428332	0.523326	-0.0048	0.0293
"rs11771419"	-0.00518944189154922	0.00132192649045418	0.0347151	-0.0545818	-0.300715	-0.0163	-0.027
"rs11771936"	-0.0179817061797817	0.00189528982249462	0.0379483	-0.0499066	-0.370192	-0.0095	-0.027
"rs11772052"	-0.116585502984946	0.00212535548162301	-0.0141916	0.0673902	-0.191473	8e-04	-0.0095
"rs11772580"	0.00216764895057051	0.00210150332003509	0.0203687	-0.0185776	-0.258984	-0.0322	-0.0321
"rs11772667"	-0.139667896797583	0.00059201001939779	-0.00923658	0.0747431	-0.268105	-0.0059	-0.0117
"rs11772705"	-0.109130948146638	0.00294473052684702	-0.00608752	0.0672118	-0.180633	0.0116	-0.0128
"rs11772849"	-0.108679350235046	0.00278390029504387	-0.0158617	0.0608203	-0.19456	9e-04	-0.0091
"rs11773620"	0.0375269718907213	0.0163415710261438	0.0348052	-0.171097	-0.34389	0.0463	-0.0058
"rs117996395"	-0.0373976559323903	-0.00158211005674293	0.0149842	0.156001	-0.100145	-0.0127	-0.0269
"rs118072804"	-0.0588438333618224	-0.00113459469930844	0.0143999	-0.0491945	-0.142608	-0.0081	-0.0124
"rs11970888"	-0.105241633835661	-0.0025736499235819	0.0156708	-0.134561	-0.336381	-0.0187	-0.0092
"rs11972116"	0.0182818636780125	0.00111150193335635	0.0537116	0.249841	-0.323	0.0645	0.0398
"rs11973874"	-0.110803077341511	0.0015121155065557	-0.0176546	0.0514831	-0.19408	0.001	-0.0089
"rs11974395"	-0.115582583428126	0.00260767501677322	-0.0149548	0.0664995	-0.191267	0.0013	-0.01
"rs11974610"	-0.0381432937780431	-0.00234362695069221	0.0182105	0.0223562	-0.141562	-0.0292	-9e-04
"rs11977607"	0.0186745402648085	0.00124202740568958	0.0541894	0.251957	-0.322837	0.0631	0.0408
"rs11977827"	-0.014274396163227	-0.000716991699418593	0.0302788	0.0281837	-0.298742	-0.0084	0.0382
"rs11978967"	0.0142381546865126	0.00155688150723268	0.0533416	0.256312	-0.323249	0.0613	0.0391
"rs11979058"	-0.0471932898521693	-0.00193906550822623	0.0177863	0.0600356	-0.15008	-0.0291	-0.0053
"rs11979397"	-0.0448143282898414	0.000638131692469573	0.0141172	0.0457028	-0.199952	-0.014	-0.0247
"rs11979818"	-0.118570720798888	0.00247109043592955	-0.0143968	0.0675748	-0.191448	0.0087	-0.0103
"rs11980179"	-0.0209948577205142	0.00363989968089602	0.0369986	0.0977927	-0.283748	-0.0111	0.0233
"rs11980509"	-0.118570720798888	0.00240932781769858	-0.0148234	0.0658389	-0.19145	8e-04	-0.0098
"rs11983334"	-0.116586626639159	0.00232831955287238	-0.0154559	0.0672507	-0.191277	0.0017	-0.0093
"rs11983745"	-0.0949350501742435	0.00138240863612575	-0.00797529	0.042241	-0.257103	-0.0082	-0.0123
"rs11984421"	-0.111712871437627	0.00114281473498946	-0.0173365	0.0437369	-0.189778	0.0015	-0.0086
"rs12056000"	-0.0118893996324766	7.859302197863e-05	0.0151965	-0.0675234	-0.137284	0.0036	-0.0265
"rs12112428"	-0.0680508153611974	-0.000643612886822149	0.0156546	0.00476885	-0.186051	-0.0224	-0.0156
"rs12112642"	-0.068968586067559	-0.000643829380636167	0.0158582	0.00599344	-0.185492	-0.0219	-0.0151
"rs12113113"	-0.0259703285218257	-0.00165149631918607	0.0111425	-0.0783064	-0.156095	-0.0229	-0.0329
"rs12113906"	-0.0446271415851978	0.00300302538718116	0.0169623	0.0230354	-0.372642	-0.02	-0.0269
"rs12154919"	-0.00123476200494053	0.000899008835900603	0.0528842	0.279537	-0.30724	0.065	0.0443
"rs12216707"	0.00839466598826922	0.00223584332872364	0.0546562	0.232481	-0.325905	0.0638	0.0402
"rs12531792"	-0.117625423077899	0.0026304457795557	-0.0148743	0.0717576	-0.191369	3e-04	-0.0103
"rs12531809"	0.012066901218138	0.00921952021982623	0.0385329	-0.0468195	-0.333388	0.0245	-0.0136
"rs12532878"	-0.0928129006033235	0.0012693940822131	-0.0119296	0.0293175	-0.267692	-0.0078	-0.0128
"rs12534494"	-0.0677008493642598	-0.000807776354526327	0.0153147	0.016846	-0.18562	-0.0222	-0.0152
"rs12536946"	0.023198814502523	-0.00209344019156748	0.029035	0.057207	-0.159356	-0.0295	0.0028
"rs12538820"	0.0252875575267493	0.000966839644592722	0.035789	-0.049782	-0.250842	0.0022	0.025
"rs12539172"	0.0120471409106669	-0.0167482552959592	-0.0747202	0.0435531	0.919689	-0.0152	0.0194
"rs12539985"	-0.0352686926837651	-0.00136635569783356	0.0166933	0.0228407	-0.140053	-0.0045	-0.0219
"rs12666425"	0.0328349830935731	-0.0156101608464582	-0.0669997	0.10661	0.762395	0.0082	0.0306
"rs12670850"	0.00817648128413498	-0.0031409702480782	-0.0169801	0.100394	0.158244	-0.0397	-0.0135
"rs12672695"	0.011157522695877	0.0096617213160893	0.0306633	-0.0864367	-0.341231	0.0267	-0.0139
"rs12673005"	0.0136957831289865	0.0102182289075678	0.0312216	-0.0887797	-0.339258	0.0258	-0.0146
"rs12673102"	-0.0707454778331922	-0.00622936900445223	0.00162197	-0.0311615	0.466	-0.0042	-0.02
"rs12705067"	0.0561723723051839	-0.00951878339135775	-0.0619597	-0.00227568	0.603069	-5e-04	0.0258
"rs12705069"	0.0180756467272303	0.0151588510239031	0.0172472	-0.0444878	-0.312023	0.0179	-0.0171
"rs12705070"	0.0547817028096466	-0.0108457150426959	-0.0688705	-0.0148095	0.639862	2e-04	0.0361
"rs12705071"	0.0540998523168248	-0.0114721452964241	-0.0650874	-0.0233045	0.640282	-0.0023	0.0362
"rs12705073"	0.00858474369189147	-0.012946202238496	-0.0442473	0.0283022	0.52925	0.0047	0.0066
"rs12705074"	0.0251120368148549	0.0191581903678276	0.014696	-0.106191	-0.329747	0.0165	-0.0266
"rs12705082"	-0.0606229968177552	-0.00820995048441675	0.00194253	-0.0579922	0.571984	-0.061	-0.0197
"rs12878"	-0.0333417084171673	0.00684231538968289	0.0194565	0.00997564	-0.301657	-0.0055	-0.0199
"rs13223723"	-0.0512732945875479	-0.00206915760877419	0.0225783	0.091486	-0.178384	-0.0263	0.0014
"rs13223792"	0.0494756434605255	-0.010337548733286	-0.0676336	-0.0142986	0.640379	3e-04	0.0376
"rs13227444"	-0.0971443608864858	0.000628996506263528	-0.0107847	0.0296404	-0.263309	-0.012	-0.01
"rs13228694"	0.0696753052427235	0.0177706616123486	0.00730713	-0.0729529	-0.34661	0.0308	-0.022
"rs13230744"	0.0223679614619456	-0.0139894387973289	-0.0608267	0.0651663	0.73821	0.0104	0.0343
"rs13232115"	0.0494090202575428	-0.0110225387826761	-0.074807	0.0131147	0.687962	-0.0011	0.038
"rs13235951"	0.0644572678366112	0.0181063317410418	0.00970975	-0.0474078	-0.35553	0.0418	-0.0097
"rs13236234"	0.0654787040270942	0.0155614642891095	0.023748	-0.0982123	-0.373212	0.0204	-4e-04
"rs13236456"	-0.0537468281571867	0.0061782505318332	0.0229743	0.0137359	-0.311038	-0.0083	-0.0234
"rs13236744"	-0.0735970257859749	0.00252302496275072	0.0505123	0.337421	-0.215272	0.0255	0.0023
"rs13238380"	0.0127187724077746	0.00916258492518454	0.0380825	-0.049048	-0.335655	0.0231	-0.015
"rs13240468"	0.0432414652390153	0.0168846920410373	0.019772	-0.0266853	-0.336759	0.0124	-0.0179
"rs13242458"	0.0250047589895661	0.0143616237459431	0.0175819	-0.015276	-0.320459	0.0203	-0.0209
"rs13246354"	0.0659656273369311	0.0158120747393678	0.0232354	-0.0998655	-0.373982	0.0199	0
"rs138129781"	-0.0779182991614307	0.00713338185905624	0.0194964	0.0753719	-0.354955	0.0018	0.0389
"rs138229375"	-0.0223355925458245	0.000732732447725476	0.0102287	0.141836	-0.11079	-0.0082	-0.0141
"rs138235358"	-0.0102432837596808	0.00673991177296332	0.0255664	0.0376696	-0.399791	0.0396	0.0409
"rs140263945"	-0.00732173863073602	1.37424608879781e-05	-0.0194063	-0.11493	-0.19045	-0.0185	0.0021
"rs141376982"	-0.0577075057397881	0.00484008486712988	0.0925886	-0.0072175	-0.356227	0.0121	-0.0672
"rs141409258"	-0.117011458398688	0.00242054514839658	-0.0148851	0.069117	-0.191041	0.0013	-0.009
"rs143185989"	-0.0126749893662661	-0.000310457994593149	0.00806942	-0.0523249	-0.111219	8e-04	-0.0248
"rs143421330"	-0.0214381640575551	0.000640812645700553	0.00865831	0.151595	-0.11115	-0.0066	-0.0136
"rs143974973"	-0.0142277359207881	0.00677972234774086	0.0279377	0.0380185	-0.40009	0.0399	0.041
"rs144613397"	-0.0621020251394629	0.00485024693143634	0.091582	-0.0522301	-0.358041	-0.0091	-0.0485
"rs145079067"	-0.00556344731295512	-0.00239069369343794	0.0110121	0.228841	-0.0772174	0.0201	-0.0025
"rs145318020"	0.105863389195731	0.000262894140386692	0.0135618	-0.0502507	-0.265846	0.0571	0.0387
"rs146370464"	-0.0152476569424952	-0.00274622849216115	0.0250776	0.236913	-0.0720954	0.0168	-0.0011
"rs146769244"	-0.0361454466363533	-0.00118630424079851	0.011119	-0.045065	-0.0934547	-0.0148	-0.0285
"rs147248866"	-0.0158377577896703	0.00196903674855195	0.0367517	-0.0581202	-0.370102	-0.0091	-0.0279
"rs1476679"	0.00612122700493616	-0.0177727266690068	-0.0742121	0.0600439	0.975318	-0.0187	0.019
"rs149229367"	-0.111800094197902	0.00145887818921431	-0.0181634	0.0518078	-0.194226	9e-04	-0.0085
"rs149319219"	0.0898407039997895	0.00337097759295137	0.0397572	0.0547211	-0.310251	0.0409	0.0414
"rs149750020"	-0.0668868763665377	-0.00428812506413372	0.00312281	0.129972	-0.0529592	-0.0232	-0.022
"rs150175968"	0.0233746713164505	0.00675180248497983	0.0381882	0.0443566	-0.420841	0.0133	0.0244
"rs150916360"	0.0233746713164505	0.00673323644519881	0.0374122	0.0473391	-0.420874	0.0136	0.0244
"rs151024111"	-0.0104332374337843	-0.000104445204516933	0.00539772	-0.0495568	-0.112403	2e-04	-0.0252
"rs1527423"	-0.0520251410693843	0.00703333070877413	0.0239468	0.0510056	-0.36137	-0.0132	-0.024
"rs1617502"	0.0424462746627552	-0.014159905494654	-0.0688781	0.0397556	0.747892	0.0051	0.0268
"rs1618851"	0.0310237481016631	-0.0147932848043295	-0.0666631	0.0467298	0.765257	0.0093	0.0299
"rs1624099"	0.0198810555931495	-0.0112511735700385	-0.0420567	-0.0103734	0.526462	0.0087	0.0063
"rs1628077"	0.0318861888623217	-0.0144742997506996	-0.0662614	0.0530694	0.764797	0.0099	0.0304
"rs1636975"	0.0327382085877733	-0.0147991543027953	-0.0668669	0.0466914	0.765263	0.0094	0.0298
"rs1636978"	0.031324233242026	-0.0149223448462003	-0.0654942	0.0446114	0.766652	0.0093	0.0302
"rs1636980"	-0.0171420896672577	0.00202671944022937	0.0351354	-0.0478469	-0.370619	-0.0091	-0.0274
"rs1636988"	0.03184744343912	-0.015028074910616	-0.0652064	0.0425067	0.768415	0.0096	0.0302
"rs1637001"	0.032747886459803	-0.0145698627183191	-0.0671848	0.0523549	0.765147	0.0084	0.0308
"rs1727123"	0.030684382130995	-0.01450217397492	-0.0656572	0.0512927	0.764849	0.009	0.031
"rs1727124"	0.0293257653818267	-0.0133231167347008	-0.0665691	0.0513031	0.764729	0.009	0.031
"rs1727125"	0.02964617706503	-0.014431535684677	-0.0641302	0.0513027	0.764739	0.009	0.0311
"rs1727129"	0.021262345702414	-0.0112960446184908	-0.0418145	-0.0100397	0.526696	0.0087	0.0064
"rs1727132"	0.0340052129693304	-0.0147963228857465	-0.0667682	0.0467004	0.765267	0.0094	0.0298
"rs1727133"	0.0330285040137884	-0.0144951775964768	-0.0679909	0.0466563	0.765291	0.0092	0.0296
"rs1727134"	0.031324233242026	-0.0149694650842939	-0.0654689	0.0447806	0.766525	0.0093	0.0303
"rs1727138"	0.0324187862555007	-0.0149510803419998	-0.0659174	0.0424648	0.766452	0.0101	0.0298
"rs1727139"	0.0319055610109841	-0.0147680153559299	-0.0663698	0.042646	0.766519	0.0104	0.0298
"rs1727142"	0.0343048036919902	-0.0151184530231988	-0.0636962	0.0400406	0.767271	0.0071	0.0295
"rs1727145"	0.0202339068308096	-0.0116986922395074	-0.0456247	0.00252411	0.535946	0.0078	0.0054
"rs1734908"	-0.110374174176578	-0.000925371407902888	-0.00586174	0.0160055	0.0813821	-0.002	-0.02
"rs1734910"	-0.111166225110328	-0.000924728560460547	-0.00547734	0.0147141	0.0821449	-0.0014	-0.0206
"rs17855473"	0.00176843539596075	0.00139702395854427	0.0126658	0.0338298	-0.265245	0.013	0.0205
"rs1859787"	0.0155484932467162	-0.0119752161129401	-0.0445202	-0.000878454	0.53861	0.0091	0.0054
"rs1859788"	-0.0197273101325885	-0.0183957369102525	-0.0837159	0.0525528	1.00042	-0.0093	0.016
"rs187273255"	-0.0214381640575551	0.00207338455086744	0.00983931	0.151863	-0.111251	-0.006	-0.0132
"rs1880949"	0.0580330312506094	-0.0111611518349748	-0.0538093	-0.0186655	0.677115	0.0018	0.0389
"rs189322783"	-0.0218315842379316	0.00556747852742685	0.0277475	0.0400798	-0.40234	0.0442	0.04
"rs1918353"	-0.0169895078296933	0.00794555720625044	0.0259836	0.0530861	-0.37631	-0.0142	-0.018
"rs1962152"	0.00632992369486977	0.000440900613799333	0.00618653	0.0278959	-0.267237	0.0175	0.0213
"rs1962269"	-0.0115474155142045	0.000842108336342729	0.0316417	-0.0566	-0.301142	-0.017	-0.0222
"rs1963304"	0.0517097076755017	-0.00871228221683686	-0.0575813	0.0418789	0.524495	-0.0058	0.0301
"rs1964242"	-0.00576558911158914	0.00266807493658638	0.0379465	-0.0394757	-0.379031	-0.0114	-0.0268
"rs1981548"	-9.80048023137962e-05	0.00928288802251003	0.0226723	-0.0781421	-0.292535	0.0131	-0.0191
"rs1981549"	0.0462440684740679	-0.00934386113170397	-0.046679	-0.0273857	0.530794	0.0072	0.0256
"rs1987580"	0.0538250866949074	-0.00932113045730816	-0.0598435	-0.0255695	0.595461	0.0012	0.0245
"rs2003507"	-0.00254022363790051	0.00122321013732608	0.0352426	-0.0621788	-0.300308	-0.0171	-0.0256
"rs2014764"	-0.0453363355083235	-0.00014608376666371	0.00248787	0.0546247	-0.0973342	-0.0048	0.0071
"rs2037497"	-0.0273948353077908	-0.00358026771489657	0.0132176	0.1471	-0.120378	-0.0295	0.0099
"rs2040787"	0.0470267054277543	-0.00928564197433091	-0.0463977	-0.0269396	0.531356	0.0072	0.0259
"rs2056726"	-0.0189901774229757	-0.000532376772739368	0.0106851	-0.0489169	-0.11521	-0.0026	-0.0251
"rs2057766"	-0.00367173256744039	0.0093253268402976	0.0218022	-0.0770466	-0.292811	0.0144	-0.0196
"rs2060452"	-0.0101927702392212	0.00657872640073953	0.0175858	-0.0126778	-0.275749	0.0159	-0.0165
"rs2070215"	0.0525924501191706	-0.0115364966060294	-0.0634354	-0.0235179	0.640041	0	0.0368
"rs2075668"	0.00651870698711545	0.00342942212744197	0.0153983	0.0819139	-0.328449	-0.0016	0.013
"rs2075672"	-0.121842263184211	-0.00289046657154687	-0.00652062	0.0353075	0.0867589	-0.0061	-0.0184
"rs2075674"	-0.0958404203570034	0.0014187635156411	-0.00748484	0.0442146	-0.256326	-0.0086	-0.0122
"rs2082743"	-0.0293659908308592	0.00387578141288366	0.0356858	0.071583	-0.268555	-0.0112	0.0271
"rs2082744"	-0.0058450490655744	0.00664102992983795	0.0153212	-0.0240458	-0.275771	0.0199	-0.0188
"rs2082745"	-0.0058450490655744	0.00672474426307846	0.0159767	-0.0240327	-0.275773	0.0199	-0.0188
"rs2090949"	-0.0168481361067519	-0.00380751319716859	0.0169927	0.144137	-0.120604	-0.0294	0.0108
"rs2099445"	0.016148901739371	-0.00718078148846351	-0.0238008	-0.0317838	0.358582	-0.0149	0.0153
"rs2099446"	0.0194202012394795	-0.00700480512279368	-0.0245557	-0.0319923	0.353506	-0.0118	0.0149
"rs2107351"	0.00160870533941597	0.00930439881277669	0.0214739	-0.0783002	-0.292525	0.0139	-0.0192
"rs2108269"	-0.015067953574401	0.00218331244296097	0.0365789	-0.0418204	-0.371487	-0.0114	-0.0266
"rs2140128"	-0.0168481361067519	-0.00413618209091454	0.0167821	0.147323	-0.120645	-0.027	0.0104
"rs2141160"	0.0325833498960198	-0.0155569437128131	-0.066306	0.104145	0.764013	0.0085	0.0313
"rs221771"	-0.11189291651648	-0.00116504686047546	-0.00484053	0.0141149	0.0816041	-0.0022	-0.0215
"rs221772"	-0.111217635142224	-0.00112280063649556	-0.00430717	0.0140173	0.0815915	-0.0022	-0.0216
"rs221773"	0.105278512295642	0.0126229869297736	0.04584	-0.158888	-0.283085	0.0464	0.0116
"rs221784"	-0.0407678293205494	-0.00514128630360261	0.0128999	-0.078007	0.42141	-0.0063	-0.0259
"rs221789"	-0.0369015644587253	-0.00560198949478698	0.0111326	-0.0863896	0.423454	-0.0077	-0.0264
"rs221792"	-0.039448979203994	-0.00490774176527903	0.0102483	-0.0787983	0.422605	-0.0072	-0.0251
"rs221794"	-0.037159957968571	-0.00503183493996586	0.0101767	-0.0771428	0.421948	-0.0068	-0.0256
"rs221795"	-0.109528076778026	-0.00178894704248665	-0.0132559	0.0120935	0.0920186	-0.0121	-0.0193
"rs221801"	-0.109110872797159	-0.000968058166208007	-0.00537497	0.0131582	0.0817365	-0.0025	-0.0216
"rs2231172"	-0.138934534771257	0.00114112904693306	-0.00893379	0.0807879	-0.271516	-0.0085	-0.0129
"rs2242480"	-0.0173954269291822	-0.00274221495787593	0.028803	0.123224	-0.138611	-0.0264	4e-04
"rs2246709"	0.0274886998923728	0.0039355899937684	-0.0145272	-0.00448851	0.159319	-0.031	-0.0017
"rs2247761"	-0.00638433657522366	0.00652382212354636	0.0156234	-0.0229478	-0.276467	0.0203	-0.0183
"rs2247762"	0.0184389528166034	-0.00692817276159725	-0.0237542	-0.0322199	0.358245	-0.0154	0.0152
"rs2257213"	0.0334637892050046	-0.0148060929156012	-0.0661414	0.0444256	0.766518	0.0095	0.0304
"rs2272337"	-0.0281957915627766	0.00768595767670279	0.0252541	0.056401	-0.34978	-0.0102	-0.0195
"rs2272338"	-0.0521410220281655	0.00593809737600596	0.0201183	0.0262969	-0.316226	-0.0075	-0.024
"rs2272343"	-0.0195835113038422	-0.000417829993581762	0.0104192	-0.0495176	-0.115979	-0.0016	-0.0248
"rs2272344"	0.0323413351706627	-0.0154943190538563	-0.0669342	0.10409	0.762339	0.0089	0.0309
"rs2272572"	-0.104946157071759	0.00267947930051786	-0.0148569	0.060162	-0.188917	0.0128	-0.0112
"rs2283017"	0.0160701801774945	0.00953124412125289	0.0285742	-0.0922804	-0.33875	0.0259	-0.0145
"rs2285886"	-0.0696963331438083	-0.00091852456097563	0.0156468	0.00678466	-0.186918	-0.0232	-0.016
"rs2286265"	-0.0533258850168015	0.00315703529540929	0.00783838	0.032943	-0.356656	-0.0048	-0.0341
"rs2293479"	0.0594191896926203	-0.0114356945157006	-0.0655351	-0.00421123	0.647189	-0.0061	0.0383
"rs2293481"	-0.0521505037918369	0.00593677207303853	0.0209131	0.0263076	-0.316341	-0.007	-0.0242
"rs2404769"	-0.0275027573511784	-0.00465192000768213	0.0174227	0.147045	-0.120394	-0.0293	0.0099
"rs2404770"	-0.0271009352727913	-0.00366201776192504	0.01717	0.147045	-0.120396	-0.0293	0.0099
"rs2404955"	0.0176925595309181	-0.00214702471189545	0.0320225	0.0690754	-0.16142	-0.0338	0.0022
"rs2404975"	0.0283639138894262	-0.00768451736401861	-0.0355996	0.0747588	0.390083	0.0069	0.0208
"rs2404976"	-0.00509395217245269	0.00380743736823438	0.0321391	-0.110387	-0.217526	0.0173	-0.0222
"rs2404977"	0.00982160969766852	0.00882257701496435	0.0305008	-0.11151	-0.344098	0.0244	-0.0132
"rs2404978"	0.00874167993675479	0.00888840494164611	0.0309014	-0.11152	-0.344081	0.0244	-0.0132
"rs2405440"	-0.0230137975892075	0.0078896205839686	0.0260392	0.0496057	-0.350914	-0.0115	-0.0188
"rs2405442"	-0.0170841058264224	-0.0183246962777779	-0.083371	0.0481825	0.999657	-0.0094	0.0157
"rs2406243"	0.0158438211612881	0.00122243907918007	0.0547818	0.233611	-0.319234	0.0612	0.0391
"rs2406253"	-0.0149613651401603	0.00153655398937772	0.0328538	-0.0551826	-0.299894	-0.0176	-0.0214
"rs2406255"	-0.00219941694516791	0.00206681357398246	0.0317651	-0.0530241	-0.310381	-0.0175	-0.0246
"rs2432930"	-0.110804194517023	-0.00105721539339244	-0.00477467	0.0141415	0.0816126	-0.0022	-0.0216
"rs2525534"	0.000529859599605868	0.00932449034424822	0.0226419	-0.0777017	-0.292799	0.0141	-0.0192
"rs2525535"	0.0462536165174351	-0.00929115987117192	-0.0463589	-0.0269459	0.531217	0.0066	0.0258
"rs2525536"	0.0285874568519125	-0.00774672848926789	-0.0357763	0.0738138	0.390482	0.0068	0.0208
"rs2525537"	-0.000296043816646661	0.00924104131571706	0.0228571	-0.0778999	-0.292892	0.0141	-0.0192
"rs2525539"	0.0462536165174351	-0.00934741106341732	-0.0461567	-0.0269595	0.531359	0.0072	0.0262
"rs2525540"	0.0292577860669348	-0.0076266882023645	-0.0358641	0.0712568	0.39102	0.0067	0.0205
"rs2525541"	-0.00215932967517574	0.0093154680627357	0.0246916	-0.077266	-0.292622	0.0144	-0.0196
"rs2525542"	-0.00477839838298781	0.00959758638420714	0.0233317	-0.0232182	-0.324357	0.0162	-0.0172
"rs2525543"	0.0282569843704584	-0.0075434790303997	-0.0357769	0.0711562	0.390918	0.0074	0.0206
"rs2525549"	0.0258139348929795	-0.0076299768706701	-0.0348793	0.0748291	0.390936	0.0069	0.0205
"rs2525550"	0.0312854660390748	-0.00829570216871303	-0.0375246	0.0158469	0.442312	0.0041	0.0183
"rs2525553"	-0.000919422539395641	-0.00985859106957373	-0.0376424	0.00918996	0.396603	-0.0141	0.0212
"rs2525554"	0.000269963556559664	-0.00950129308691339	-0.0363603	0.00687888	0.398582	-0.0148	0.0228
"rs2525555"	-0.0653185586210544	-0.000748455796817361	0.0236967	0.120473	-0.1934	-0.0328	-0.0065
"rs2525558"	0.0285097084457158	-0.00773583404145537	-0.0365421	0.0741924	0.390634	0.0067	0.0206
"rs2527881"	0.016916112376313	-0.00706346278806866	-0.0247791	-0.0322598	0.355736	-0.0113	0.0147
"rs2527882"	-0.000666221876518699	-0.00942552464755979	-0.0364701	0.00620612	0.398788	-0.0147	0.0228
"rs2527884"	9.99995000039884e-06	-0.00949418777088336	-0.0365934	0.00580086	0.398616	-0.0149	0.0229
"rs2527886"	0.000589826018429478	0.00933387864833786	0.0227081	-0.077443	-0.292662	0.0133	-0.0194
"rs2527891"	0.000619807879405809	0.00924533833905372	0.0229186	-0.0778791	-0.292897	0.0145	-0.0192
"rs2527892"	0.0017983819413794	0.00925816880678851	0.0230351	-0.0759662	-0.29333	0.0149	-0.019
"rs2527893"	0.00149887612373595	0.00919614373541669	0.0224122	-0.0781152	-0.292234	0.0131	-0.0195
"rs2527894"	0.00279608730200119	0.00927537408451037	0.0229716	-0.0783183	-0.292214	0.0141	-0.0197
"rs2527895"	0.00148889105141891	0.00928769195724736	0.0225775	-0.0781838	-0.292264	0.014	-0.0193
"rs2527896"	0.0449829258264781	-0.00938338175604759	-0.0463137	-0.027447	0.530744	0.0071	0.0254
"rs2527897"	0.00222751724035086	0.00882253425937454	0.0214271	-0.0809983	-0.292623	0.0145	-0.0194
"rs2527899"	-0.00379418883966311	0.00654446609904353	0.0153565	-0.0243942	-0.275026	0.0194	-0.0202
"rs2527900"	0.0176434351725953	-0.00694640375290892	-0.0237878	-0.0354157	0.359819	-0.0146	0.0152
"rs2527902"	0.0168374511896683	-0.00700149394235121	-0.0241104	-0.0341718	0.358743	-0.0148	0.0156
"rs2527903"	-0.00552221942580312	0.00638441974872994	0.0152507	-0.0242884	-0.277316	0.0191	-0.0189
"rs2527904"	0.017368294161092	-0.00695549574451363	-0.0241653	-0.0334193	0.359241	-0.0146	0.0155
"rs2527906"	-0.0068816241535845	0.00633691479279954	0.0161029	-0.0223117	-0.277791	0.0186	-0.0186
"rs2527907"	-0.0068816241535845	0.00662223043586261	0.0156557	-0.0223117	-0.277791	0.0187	-0.0186
"rs2527908"	0.0193711616792565	-0.00696024711566193	-0.0240165	-0.0332426	0.359482	-0.0143	0.0152
"rs2527909"	-0.00580179792783641	0.00640691636706571	0.016357	-0.0236964	-0.278369	0.0203	-0.0183
"rs2527910"	-0.057785904788869	-0.000391421936706304	0.0219734	0.128951	-0.197793	-0.0312	-0.0072
"rs2527911"	-0.0043193148242301	0.00653629426006839	0.0152094	-0.0257158	-0.277888	0.0194	-0.0183
"rs2527914"	-0.00573139310004769	0.00665718555139638	0.015971	-0.0249767	-0.275935	0.0204	-0.0186
"rs2527915"	-0.00638433657522366	0.0065636763095648	0.0157204	-0.0229385	-0.276442	0.0204	-0.0183
"rs2527917"	-0.00232770700917821	-0.00962175554716315	-0.0350357	0.00700966	0.398467	-0.0188	0.0228
"rs2527918"	0.0177515055756557	-0.00662654631335868	-0.0241107	-0.0321695	0.358213	-0.0154	0.0153
"rs2527919"	-0.00537240556170768	0.00656464694988247	0.0151796	-0.0229435	-0.276407	0.0204	-0.0182
"rs2527922"	-0.00774390679797003	0.00649323296205584	0.0159386	-0.0221699	-0.276361	0.0195	-0.0184
"rs2527923"	-0.000166013779524955	-0.00950620521122997	-0.0340781	0.00674798	0.398539	-0.0154	0.0225
"rs2527925"	-0.00649806678012595	0.0066777557762756	0.0157783	-0.0219992	-0.276258	0.0198	-0.0183
"rs2527926"	-0.00886618874765511	0.00634929855567495	0.0168508	-0.025905	-0.274429	0.0195	-0.017
"rs2527927"	0.0153417117991985	-0.00719803350466253	-0.0234459	-0.0318502	0.358161	-0.0146	0.0156
"rs2528900"	0.0297141299833913	-0.0144020341934579	-0.0667007	0.0510821	0.764981	0.0089	0.031
"rs2571991"	-0.0068816241535845	0.00622684231742179	0.0157315	-0.0223117	-0.277791	0.0187	-0.0186
"rs2571992"	-0.0068816241535845	0.00642197009724466	0.0159837	-0.0236443	-0.278439	0.0188	-0.0186
"rs2571993"	-0.0068816241535845	0.0064245541773527	0.015949	-0.0236443	-0.278439	0.0188	-0.0186
"rs2571994"	-0.0068816241535845	0.00639655970129535	0.0150587	-0.0236439	-0.278445	0.0186	-0.0186
"rs2571996"	-0.00457645601825972	0.00646909527420793	0.015233	-0.025723	-0.277905	0.0192	-0.0187
"rs2571997"	-0.00527991424778254	0.00633090427444097	0.0160295	-0.0237268	-0.27841	0.0201	-0.0184
"rs2571998"	-0.00527991424778254	0.00638395728318641	0.0157683	-0.0236964	-0.278372	0.0192	-0.0184
"rs2572000"	0.0178792100872367	-0.00691831959350513	-0.0246468	-0.0314774	0.359876	-0.0146	0.015
"rs2572002"	0.017496047616751	-0.00706847966595928	-0.0245211	-0.0309811	0.360124	-0.0143	0.0149
"rs2572005"	-0.00609956457956816	0.00659296662771219	0.0158138	-0.0228783	-0.276397	0.0206	-0.0182
"rs2572009"	-0.0052939884611096	0.00661879609148221	0.0155804	-0.0248182	-0.275989	0.0203	-0.0185
"rs2572010"	-0.00594664630503334	0.00654032411662788	0.0157147	-0.0227933	-0.276473	0.0199	-0.0182
"rs2572011"	0.0164342154634206	-0.00707352809479648	-0.023455	-0.0319211	0.358232	-0.0152	0.0153
"rs2572012"	-0.00757058469654987	0.00662536168499538	0.0161956	-0.0221214	-0.276305	0.0191	-0.0185
"rs2572013"	-0.00705784811757924	0.00663060360582206	0.0161057	-0.0221157	-0.276304	0.0191	-0.0185
"rs2572015"	-0.00649806678012595	0.00665486029990677	0.0161824	-0.0219996	-0.276257	0.0195	-0.0185
"rs2572018"	-0.00649806678012595	0.00665145945257227	0.0160058	-0.0219784	-0.276262	0.0195	-0.0184
"rs2572019"	-0.00649806678012595	0.00663238571723045	0.015361	-0.0219992	-0.276258	0.0197	-0.0183
"rs2572022"	-0.010536312506887	0.00650982433173536	0.018084	-0.0152016	-0.274522	0.0161	-0.0169
"rs2572023"	-0.015526921169395	0.0063872055024542	0.0164398	0.0125191	-0.293195	0.0139	-0.0215
"rs2572024"	-0.0104423318658193	0.00626386268551637	0.01756	-0.0191182	-0.273382	0.0158	-0.0162
"rs2686815"	-0.0109003744682883	-0.0134833327371475	-0.00744467	0.0365107	0.0851485	-0.0124	0.0144
"rs2687072"	-0.029427780825225	-0.00364738716820557	0.0155569	0.147025	-0.12039	-0.0292	0.0099
"rs2687075"	-0.0248994339764399	-0.00363049421281468	0.00998854	0.147025	-0.12039	-0.0293	0.01
"rs2687100"	0.00557443393260198	-0.00303468364955249	-0.0183805	0.102202	0.158394	-0.0401	-0.0132
"rs2687133"	0.0140606836483341	-0.00265962270650334	0.0116327	0.245534	-0.0762588	0.0126	-0.0038
"rs2687134"	0.0140606836483341	-0.00284424364026858	0.0103264	0.245502	-0.0762484	0.0126	-0.0038
"rs2687135"	-0.0308118469742929	-0.00410063574294246	0.0186931	0.144186	-0.124747	-0.0304	0.0083
"rs2687136"	-0.0168481361067519	-0.00389777627650543	0.0156913	0.147247	-0.120642	-0.0288	0.0108
"rs2687137"	-0.0154812180497429	-0.0038731769273096	0.0170402	0.143477	-0.120062	-0.0301	0.0108
"rs2687139"	-0.0248994339764399	-0.00361447051590931	0.0173099	0.147062	-0.120436	-0.0292	0.0098
"rs2687140"	-0.0248994339764399	-0.0038725718341579	0.0143971	0.147032	-0.120404	-0.0293	0.0099
"rs2687141"	-0.0248994339764399	-0.00365593093550257	0.0172839	0.147045	-0.120395	-0.0293	0.0099
"rs2687142"	-0.0248994339764399	-0.00358517411103486	0.0159401	0.14705	-0.120384	-0.0293	0.0099
"rs2687143"	-0.0248994339764399	-0.00363802609616039	0.0172839	0.14705	-0.120384	-0.0293	0.0099
"rs2687144"	-0.0248994339764399	-0.00352046748690736	0.0165899	0.147013	-0.120381	-0.0294	0.0099
"rs2687145"	-0.0248994339764399	-0.00365560085422453	0.0160162	0.147013	-0.120381	-0.0294	0.0099
"rs2734887"	-0.0502506802039255	-0.0142418701827473	-0.0681846	0.059733	0.430754	-0.0084	0.0216
"rs2734895"	0.0188904466800304	-0.0200549116906471	-0.0467614	6.09119e-05	0.748407	-0.0185	0.0295
"rs2734897"	0.00567387309580391	-0.0140840146084298	-0.0497151	-0.0161083	0.763383	-0.0112	0.0323
"rs2740558"	-0.0168481361067519	-0.00478179835047479	0.0166535	0.144086	-0.120592	-0.0296	0.0109
"rs2740561"	-0.0248994339764399	-0.00365570388191206	0.0172839	0.147045	-0.120396	-0.0293	0.0099
"rs2740562"	-0.0248994339764399	-0.0036560031883713	0.017024	0.147014	-0.120386	-0.0293	0.0099
"rs28401739"	-0.0191165626923293	0.00202398917716408	0.0344191	-0.0483234	-0.371375	-0.009	-0.0287
"rs28449324"	-0.0293659908308592	0.00389036370184248	0.0365474	0.0720682	-0.268455	-0.0114	0.0274
"rs28490152"	-0.00578972817674469	0.00126853170216227	0.0344275	-0.0594706	-0.301341	-0.016	-0.0258
"rs28629346"	-0.00802007499623609	0.00161988332967704	0.0310245	-0.0557261	-0.30377	-0.0177	-0.0245
"rs28660238"	-0.00162231524203037	0.00121774435308638	0.033921	-0.0593814	-0.301449	-0.0158	-0.0257
"rs28714213"	-0.0495369429393001	0.00223627800090998	0.012599	0.0273874	-0.354636	-0.0086	-0.0292
"rs28878860"	0.0148787602284685	-0.00258466834142964	0.0320558	0.0656436	-0.162345	-0.0325	0.0018
"rs2897031"	-0.0214381640575551	0.000611466027904039	0.00788779	0.151863	-0.111399	-0.0064	-0.0134
"rs2897075"	0.0123336271588169	0.00881447334235098	0.0380751	-0.0490817	-0.335716	0.023	-0.0151
"rs2906645"	0.0320508401651339	-0.0151414027751691	-0.0641645	0.04114	0.768574	0.0106	0.0302
"rs2906646"	0.0148393501966398	-0.0120708291874248	-0.0460355	-0.00101764	0.537978	0.0086	0.0057
"rs2906657"	-0.00803116363325621	-0.01788683760972	-0.0760091	0.0599093	0.95339	-0.0145	0.0136
"rs2950518"	0.00836085473987593	-0.0121142964167392	-0.0453006	-0.000985855	0.535675	0.0043	0.0065
"rs2950520"	0.034208171329737	-0.0150006266494999	-0.0653787	0.0432707	0.770994	0.0112	0.029
"rs3087502"	-0.00845968242179178	0.00178282832553199	0.0358368	-0.0463968	-0.370547	-9e-04	-0.026
"rs3197597"	-0.0474983988576108	0.00436064276943259	0.00407588	-0.0122212	-0.352929	-0.0101	-0.014
"rs34130487"	0.0505600256117007	-0.0119230722744156	-0.0548045	-0.0184179	0.682648	0.0045	0.0363
"rs34161112"	-0.0649599432567333	-0.0012347873823958	0.0128282	-0.0205656	-0.15411	-0.0127	-0.0177
"rs34183059"	0.0524121682147155	0.0141840992715648	0.0244097	-0.0873985	-0.365963	0.0276	2e-04
"rs34213597"	0.0603987139482326	-0.0101156606562753	-0.0579724	-0.00907497	0.601484	-0.0018	0.0243
"rs34288759"	-0.0293659908308592	0.00403070237236267	0.0371535	0.0720682	-0.268453	-0.0114	0.0273
"rs34312198"	0.0241656444987802	0.0161573888958291	0.0126158	-0.0225472	-0.329085	0.0248	-0.0287
"rs34440977"	0.0115233504346428	0.00125288287451119	0.0548105	0.249545	-0.325936	0.0611	0.0404
"rs34893607"	0.0649821727096571	0.0151730775710484	0.0241836	-0.107982	-0.375118	0.0209	-0.0013
"rs34919929"	-0.00151214271173672	-0.0175150758164287	-0.0788843	0.0631318	0.975494	-0.0134	0.0193
"rs34989573"	-0.00752222109901419	0.000848441377682326	0.0327231	-0.060544	-0.301119	-0.021	-0.0223
"rs34995835"	0.00828557958677284	-0.0177692940610095	-0.0759291	0.0591388	0.975907	-0.017	0.0194
"rs35042392"	-0.00859281269803204	-0.00293961880398645	0.037061	0.128718	-0.13433	-0.0289	0.0067
"rs35058708"	-0.0537805956846471	0.00447157929293514	0.0188275	0.0123581	-0.316306	-0.0118	-0.0242
"rs35061193"	0.0109871381521478	0.00900929374304695	0.0446784	0.0286163	-0.476679	0.0107	-0.0162
"rs35111986"	0.000119992800575846	0.00183512076012691	0.035174	-0.0545477	-0.308207	-0.0172	-0.0273
"rs35146386"	0.055188697443882	0.0155158215642678	0.0237496	-0.0887165	-0.375817	0.0327	-0.0015
"rs35146811"	0.0623548887467662	-0.0115219627089018	-0.0562499	-0.0190649	0.676741	0.0039	0.0386
"rs35156985"	0.0141691419141928	0.000280467255680053	0.0315511	0.345368	-0.20436	0.0428	-0.0033
"rs35305377"	-0.0341174370462166	-0.0141151453270262	-0.0620078	0.0613384	0.709074	-0.0128	0.0027
"rs35405904"	-0.0189208761530022	0.00443083842580429	0.0352882	0.114367	-0.281638	-0.0062	0.0264
"rs35414630"	-0.0643497389580482	-0.00136776826837062	0.0131531	-0.021373	-0.153801	-0.0124	-0.017
"rs35432946"	-0.0167789831189592	0.0010042339941074	0.00802956	0.150904	-0.11132	-0.0074	-0.0138
"rs35609229"	0.0283639138894262	-0.0118140431175182	-0.0282519	-0.0209777	0.592804	3e-04	0.042
"rs35649099"	-0.0194009879640557	0.00432639243385167	0.0356689	0.112004	-0.282104	-0.0093	0.0278
"rs35656988"	0.0376906971216266	-0.00256020238000107	-0.0297254	0.0339283	0.270058	0.0212	0.0176
"rs35987562"	-0.0013979767142525	-0.00154643055961563	0.0314414	0.0914307	-0.285097	-0.0043	0.0298
"rs35991721"	0.0621011782291044	-0.0120199784968125	-0.0543474	-0.0192591	0.677562	0.0021	0.0396
"rs36033613"	0.0626930693384234	0.0154980141273873	0.0243462	-0.101264	-0.373757	0.0182	-0.0015
"rs3735241"	0.0123580470769806	-0.0116965033436291	-0.0454698	0.00750865	0.532258	0.0046	0.0056
"rs3735242"	0.0134491533240045	-0.010413816070409	-0.0383566	0.012499	0.470431	0.008	0.0047
"rs3735451"	0.0225537414696177	-0.00258212541752324	0.0310987	0.0686478	-0.162189	-0.034	0.0019
"rs3736590"	-0.0268410187630854	0.00740302300252133	0.0251871	0.0563099	-0.349875	-0.0104	-0.0193
"rs3736591"	-0.0381588771007715	0.00655453734947578	0.0184331	-0.00497466	-0.272627	-0.0065	-0.0223
"rs3757859"	-0.0435945845983183	-0.00629717606350252	0.00462067	-0.0286236	0.461523	-0.0044	-0.0201
"rs3779045"	0.0315664942164217	-0.0154733796592138	-0.0666983	0.104307	0.762469	0.0083	0.0309
"rs3779046"	0.0315664942164217	-0.0154766990737093	-0.0670496	0.104307	0.762469	0.0083	0.0309
"rs3779047"	-0.0298995702963834	0.00767943215906853	0.0248013	0.0542422	-0.350197	-0.0099	-0.0202
"rs3800951"	-0.0217968344060559	0.00766082419546359	0.0255448	0.0494004	-0.350616	-0.0116	-0.0187
"rs3807471"	0.0383645775429848	0.014378989071931	0.0321614	-0.168986	-0.368119	0.0146	-0.0066
"rs3807475"	0.0564653959807577	0.0149715802434076	0.0218142	-0.0944083	-0.37231	0.0286	-0.0025
"rs3823642"	0.0304031059110446	-0.014188741497972	-0.0681285	0.0513692	0.764385	0.008	0.0305
"rs3823646"	-0.0302767499043012	0.00756641299940107	0.0250426	0.0480096	-0.345781	-0.0169	-0.0182
"rs3991498"	-0.0150212562905501	0.00206652132837698	0.0345093	-0.0515674	-0.370312	-0.0088	-0.0278
"rs3991564"	-0.0161649516681703	0.00177883809214394	0.034782	-0.0512336	-0.370262	-0.0092	-0.0271
"rs3991809"	0.0148787602284685	-0.00206675784187666	0.0317126	0.0656458	-0.162342	-0.0325	0.0016
"rs4074838"	-0.00497435159802638	0.00118224784184951	0.034492	-0.0583684	-0.302721	-0.0179	-0.0238
"rs41279866"	-0.0155898933336879	-0.00307300889074216	0.0241793	0.23749	-0.0709661	0.0184	0.0014
"rs41280953"	-0.0167789831189592	0.000947063925493017	0.00911592	0.153822	-0.110467	-0.006	-0.0139
"rs41280968"	-0.0206732261574149	0.0196668689697114	0.0328118	-0.136065	-0.333614	0.0274	-0.0049
"rs41280971"	-0.0100109426900284	0.00176859867707992	0.0356425	-0.0460583	-0.370704	-0.0013	-0.0259
"rs41303510"	-0.0963655364973458	0.00139740678239047	-0.00806858	0.0439202	-0.257421	-0.0084	-0.0127
"rs4134898"	-0.0601683509238316	-0.00283899053146418	0.0145478	0.0103969	-0.13088	-0.0081	-0.014
"rs4134903"	0.0497896645025156	-0.0108830785092445	-0.0652475	-0.0129856	0.643922	-0.0017	0.038
"rs4134917"	-0.0527522528869528	0.00562571926955853	0.0193849	0.0261584	-0.316146	-0.0074	-0.0241
"rs4134923"	-0.0532858044337291	0.00595355374505318	0.0199427	0.0260826	-0.316274	-0.0075	-0.0241
"rs4236544"	0.0248486979693906	0.000821823249563997	-0.0465766	0.0214998	0.246022	-0.0075	0.0014
"rs4299940"	0.0127985531901767	-0.01197338540128	-0.0447226	0.00900361	0.533095	0.0049	0.006
"rs4336540"	-0.0458659438721866	-0.0027083966443794	0.0175009	0.0152809	-0.140838	-0.0326	-0.0011
"rs4385401"	-0.00819347502852773	0.000760363221483654	0.0327176	-0.0590404	-0.301006	-0.0204	-0.0224
"rs4424195"	0.0530382710298638	-0.0108662955314179	-0.067912	-0.0150166	0.639801	-2e-04	0.0366
"rs4434553"	-0.0862052187980832	-0.00157441335106996	0.0108582	0.0752969	-0.0552174	0.0039	-0.003
"rs4463351"	-0.0141161659074462	0.00104474012997888	0.0354595	-0.0549028	-0.299728	-0.0175	-0.0214
"rs4469386"	-0.0133639004581333	0.00125340369244885	0.0185997	-0.0327241	-0.237892	-0.0255	-0.0259
"rs4472444"	-0.0102857170888446	0.000989636501999259	0.0317375	-0.0566694	-0.301291	-0.0169	-0.0223
"rs4548095"	-0.105078333252804	-0.00302245997298519	-0.00463681	0.0161536	0.0999357	-0.006	-0.0192
"rs45589541"	-0.0233238997053507	0.000493524819589818	0.00719813	0.119777	-0.107447	-0.0069	-0.0209
"rs45624139"	-0.0344330722180459	-0.00333618542599219	0.0130372	0.136133	-0.119635	-0.0232	0.0092
"rs4596570"	-0.0351806452292379	0.00234842272948727	0.0141372	0.051871	-0.349679	-0.0111	-0.0285
"rs4646437"	-0.0371993973891072	-0.00116120119448149	0.02953	0.123336	-0.177664	-0.0175	0.0075
"rs4646461"	-0.0042249123865685	-0.00235238199111941	0.00758354	0.226978	-0.0764601	0.0221	-0.003
"rs472660"	-0.0187272657047701	0.000860160207216547	0.0172026	0.112455	-0.196962	-0.0089	0.0039
"rs472667"	-0.0711738194545249	0.00148614861893583	0.0403917	0.337212	-0.213882	0.026	0.0021
"rs4727439"	0.0174665674986319	-0.00704946199769796	-0.0244279	-0.0316544	0.359495	-0.0147	0.0152
"rs4727442"	0.013952213618004	0.0100258756194567	0.0303891	-0.0863715	-0.340851	0.026	-0.0142
"rs4727443"	2.99995500089743e-05	0.00917214134915274	0.0327187	-0.0612823	-0.342379	0.0259	-0.0117
"rs4727445"	0.0183113197712529	0.00365053645955428	0.0423908	0.011099	-0.27666	0.0104	-0.0089
"rs4727449"	0.0362740683642242	0.0168038563692632	0.0294948	-0.122795	-0.345807	0.025	-0.006
"rs4727455"	0.0552833236232314	0.0152040399260292	0.0228184	-0.0895171	-0.37448	0.0275	-0.0017
"rs4727457"	-0.0648158929349052	-0.00646336364681981	0.00621304	-0.0179003	0.463438	-0.0034	-0.0196
"rs4727459"	-0.115019233478653	0.00167953294732902	-0.015123	0.0631742	-0.192133	0.0011	-0.0098
"rs4729560"	0.0118791625300775	0.00967014887854323	0.030793	-0.0857837	-0.340937	0.0316	-0.014
"rs4729561"	0.0483043318863238	-0.00742850204835265	-0.0530689	0.0594749	0.500467	-7e-04	0.0238
"rs4729562"	0.0452027848308288	-0.00634117502063382	-0.0528539	0.0623317	0.49717	-3e-04	0.0234
"rs4729567"	-0.0526953294110635	0.00622471994508946	0.0188408	0.00941397	-0.311871	-0.0081	-0.0237
"rs4729568"	-0.0539937795227425	0.00590985788823986	0.0195376	0.0106944	-0.31199	-0.0087	-0.0241
"rs4729571"	-0.0502685564529632	0.00629516333549991	0.0206403	0.0163573	-0.311016	-0.0067	-0.0231
"rs4729576"	0.0497040321791155	-0.0117429919302899	-0.0665103	-0.00673137	0.638478	-0.0011	0.0373
"rs4729577"	-0.0509775547648675	0.00564088946437299	0.0213828	0.0263713	-0.316312	-0.0077	-0.0242
"rs4729578"	-0.00819246680190266	0.00878877197187345	0.0145305	-0.0371106	-0.248536	0.0077	-0.0085
"rs4729580"	0.0101766064515605	-0.0129677789786205	-0.0441751	0.0378797	0.528502	0.0057	0.0071
"rs4729596"	-0.0684201783641103	-0.00628917608739673	-0.000621204	-0.0222977	0.465186	-0.0038	-0.02
"rs4729597"	-0.103451228396205	-0.00287922329130177	-0.00684666	0.0176804	0.0996745	-0.0076	-0.02
"rs4729598"	-0.0594549311713393	-0.00933397452139165	-0.0100033	-0.0401201	0.591804	-0.0197	-0.0148
"rs4729600"	-0.0660586092196124	-0.00646157299109759	-8.64478e-06	-0.0178078	0.463517	-0.0034	-0.0196
"rs4729601"	-0.138003090063138	0.00102005319333773	-0.0100103	0.0722972	-0.269852	-0.0079	-0.0123
"rs4729602"	-0.115963192575761	0.000785186169439564	-0.0181622	0.0505201	-0.190641	7e-04	-0.0084
"rs4729605"	-0.119902404933686	0.00224139513140223	-0.017443	0.0687033	-0.185978	1e-04	-0.0094
"rs474229"	-0.0114007421913407	0.00671132538418134	0.0190033	-0.0154016	-0.274443	0.0159	-0.0172
"rs480596"	0.000279960807315855	0.00386958118749061	0.0327092	0.106158	-0.281175	-0.0088	0.0253
"rs487813"	-0.0704653836725047	0.00248250267648352	0.0403586	0.334896	-0.213413	0.0261	0.0034
"rs492430"	-0.0382638111300903	-0.00473878594655285	0.0137921	-0.0783492	0.415882	-0.0029	-0.0242
"rs4989959"	-0.00548199873486652	0.00146137611150292	0.0337628	-0.058317	-0.30272	-0.0179	-0.0239
"rs501275"	-0.073063287257829	0.00268845946786141	0.0401578	0.337194	-0.213903	0.0261	0.0025
"rs5015755"	0.0545828777702917	0.0147568367343519	0.0230035	-0.095529	-0.371994	0.0284	-0.0019
"rs5015756"	-0.0318044418037036	-0.0134976939582049	-0.0621712	0.0718433	0.672087	-0.0137	4e-04
"rs503115"	-0.00956055682493496	0.00657440691125801	0.0194827	-0.0180937	-0.274398	0.0165	-0.0179
"rs504141"	-0.113633531767964	-0.000872285523416122	-0.00552585	0.0130035	0.0814563	-0.0018	-0.0205
"rs516481"	-0.0128137465176727	0.00505052981619143	0.0350212	0.113248	-0.282198	-0.0095	0.0281
"rs517284"	0.0113453968998182	0.00368912460201761	0.0334392	0.107476	-0.281893	-0.0139	0.0272
"rs523265"	-0.0160917810107907	-0.00285910151863536	-0.0268351	0.0926725	0.151232	-0.0333	-0.0023
"rs528144"	-0.0711738194545249	0.00186667766308067	0.0496367	0.359665	-0.217545	0.0228	0.0023
"rs533486"	-0.0163997436775795	-0.00281093853733398	-0.0228421	0.106376	0.162183	-0.0295	-2e-04
"rs545400"	-0.073063287257829	0.00263708611902451	0.0399616	0.337212	-0.213898	0.0259	0.0022
"rs549061"	-0.0711738194545249	0.00243546444157824	0.0401102	0.337206	-0.213916	0.0259	0.0022
"rs55721535"	0.015065936672367	0.0080220862232096	0.0459609	0.0497916	-0.414268	0.0141	0.0243
"rs55773945"	-0.0340936390888045	-0.0137134936316251	-0.0573496	0.061336	0.650527	-0.0131	0.0012
"rs55796551"	0.00844424678266297	-0.0161356055332203	-0.0773111	0.112537	0.872061	-0.0144	0.0292
"rs55852703"	-0.042167691230723	-0.00332810873230519	0.00903847	0.131268	-0.121197	-0.0223	0.0107
"rs559239"	-0.0154639529703461	0.00308115468803875	0.0371161	0.0895211	-0.269206	-0.0084	0.0286
"rs55969052"	0.017682734852308	0.00364301847686177	0.0398381	-0.00361344	-0.269737	0.0059	-0.0098
"rs56054049"	0.0133800860771455	0.00356556625636061	0.0403242	-0.00387734	-0.270396	0.0098	-0.0082
"rs56252897"	0.00178839985921673	-0.00182516859989729	0.00370468	-0.0366099	0.0700339	-0.0129	-0.0065
"rs56307653"	0.0193417367887395	0.00123933157943354	0.0543963	0.268541	-0.326783	0.0686	0.0429
"rs568733"	-0.112763405107964	-0.000951887041202054	-0.00614342	0.0154617	0.0812974	-0.0022	-0.0201
"rs568859"	-0.0711738194545249	0.00245665307844399	0.0452072	0.337346	-0.214425	0.0253	0.0024
"rs57075121"	-0.0468578822291925	-0.00260858509413093	0.0159309	0.016122	-0.14061	-0.0325	-9e-04
"rs579424"	-0.0711738194545249	0.00250465712803132	0.0423653	0.336755	-0.213053	0.026	0.0021
"rs580123"	-0.0130629500300981	0.0043846952595062	0.02975	0.0993143	-0.284617	-0.0098	0.0285
"rs585071"	-0.0700201847068098	0.00206696414317608	0.0461971	0.337787	-0.215381	0.0227	0.0035
"rs58649180"	-0.00556344731295512	-0.002370375674541	0.00695922	0.229313	-0.076755	0.0201	-0.0025
"rs59248100"	-0.00782553982129438	-0.000744632388665782	0.0120196	-0.0481781	-0.0971148	-0.0052	-0.0242
"rs59261051"	0.0485806184067282	-0.0110855507641123	-0.0679347	-0.00898406	0.638442	0	0.036
"rs599151"	-0.0698968513822572	0.00257668881318092	0.0511096	0.350984	-0.216876	0.023	0.0026
"rs60153739"	0.00914802889698869	-0.00259719097933947	0.0281751	0.0569995	-0.16126	-0.0295	0.0048
"rs60247889"	-0.0104221221291718	0.00044355501489346	-0.0222909	-0.115613	-0.188339	-0.0239	0.0013
"rs60478351"	-0.0133436315916183	0.000845058527405062	0.0328282	-0.0558247	-0.300094	-0.018	-0.0209
"rs60644673"	0.00305532772900633	0.0013743318104132	0.0344223	-0.0518972	-0.309371	-0.0181	-0.0233
"rs60668677"	0.0099998345783334	3.50122768962885e-05	0.0483658	0.221138	-0.30329	0.0554	0.0417
"rs60697181"	0.00787887994868458	0.00357853201499789	0.0410344	-0.0015395	-0.272358	0.0093	-0.0081
"rs60738304"	-0.00084535721374457	-0.0175022352465718	-0.0776981	0.0631961	0.97547	-0.0131	0.0193
"rs60743967"	0.0207335663869067	0.00111670130491214	0.0540696	0.248943	-0.322326	0.0628	0.0402
"rs61309832"	0.0182818636780125	0.0011920799968015	0.0541942	0.249824	-0.32295	0.0643	0.0396
"rs613963"	-0.0207845091844689	0.00290194834518922	0.0376464	0.0927651	-0.268635	-0.012	0.028
"rs61735533"	-0.0100109426900284	0.0019384264388035	0.0358526	-0.0463968	-0.370552	-0.001	-0.026
"rs620020"	-0.0716775434244464	0.00181221369806593	0.0442217	0.33966	-0.215722	0.0238	0.004
"rs62471959"	0.017584482757003	-0.0058645769403978	-0.000693003	-0.056592	0.055601	-0.0124	-0.0119
"rs62482172"	0.0426475272210191	-0.0164327854317339	-0.0869609	0.125679	0.748647	0.0096	0.013
"rs62482174"	0.0431648478947266	-0.0169244390996892	-0.084721	0.123437	0.746945	0.0052	0.0118
"rs62482199"	-0.0329044627272269	0.00176995476375225	0.0126369	0.0391084	-0.354078	-0.0156	-0.0269
"rs62482222"	-0.0950362173354693	0.00336032842507467	0.0031729	-0.0264101	-0.351917	-0.0111	-0.0142
"rs62482223"	-0.0825026475127604	0.00263742985795962	-0.0157747	-0.0171056	-0.302332	-0.02	-0.0117
"rs62482237"	-0.112989542822317	0.000852584306094184	-0.00898967	0.0405708	-0.264471	-0.001	-0.0113
"rs62482238"	-0.0871484772965382	0.00124811006789927	-0.0112989	0.0325124	-0.26498	-0.0101	-0.0128
"rs62482239"	-0.0906240767561204	0.0022339368334655	-0.00834311	0.0202918	-0.267394	-0.0116	-0.0151
"rs62482241"	-0.11434295950922	0.00175980927139868	-0.00567081	0.0639341	-0.212573	-0.0014	-0.017
"rs62482249"	-0.112586560749566	0.00157404031347177	-0.0175703	0.0488874	-0.194775	7e-04	-0.0083
"rs62482251"	-0.114576183108917	0.00171252888930525	-0.0174034	0.0460763	-0.19394	0.001	-0.009
"rs62482252"	-0.111953311567236	0.00119256083665376	-0.015005	0.0388922	-0.188204	-1e-04	-0.0081
"rs62483567"	-0.11434520178486	0.00238059911080243	-0.0162185	0.0633918	-0.191151	0.0015	-0.0099
"rs62483569"	-0.117569183524381	0.00238301653603143	-0.0150933	0.0671307	-0.191281	0.0013	-0.0096
"rs62483570"	-0.117151984810858	0.00231206886246396	-0.0149473	0.065848	-0.191435	9e-04	-0.0097
"rs62485010"	-0.0731988470716525	-2.54799830432444e-05	0.00877951	-0.00205532	-0.165242	-0.0105	-0.0222
"rs62485013"	-0.0575507260784501	-0.0015555966933234	0.0148626	0.00917667	-0.14457	-0.0254	-0.0173
"rs641761"	-0.0717377065309436	0.00226433120335322	0.0400396	0.337192	-0.213913	0.026	0.0021
"rs641815"	-0.073063287257829	0.00242578240937072	0.0397686	0.337192	-0.213913	0.026	0.0021
"rs642761"	-0.0718419261917008	0.00228201128355431	0.0436004	0.335052	-0.214477	0.0246	0.0034
"rs6465759"	0.00088960418483298	0.0100812437426581	0.0351086	-0.00714306	-0.388222	0.0241	-0.0108
"rs6465760"	0.0577215885606248	-0.0094252236880492	-0.0582869	1.77769e-05	0.601929	-6e-04	0.0256
"rs6465762"	0.054118798887496	-0.0109284705969215	-0.0666901	-0.00456054	0.63207	-0.001	0.0339
"rs6465764"	0.0325252717033969	-0.0155044045364108	-0.0666521	0.106538	0.762613	0.0083	0.0308
"rs6465765"	0.0341405231197311	-0.0154324967079569	-0.0669492	0.107097	0.762496	0.0081	0.0308
"rs6465766"	0.0307716586667537	-0.0150634342636513	-0.0664532	0.104781	0.759959	0.0074	0.0314
"rs6465770"	-0.00860088176928199	-0.0195220679191631	-0.0758259	0.156918	0.704695	0.0171	-0.0213
"rs651430"	-0.015631538394869	-0.00316117906974671	-0.0213883	0.108683	0.161156	-0.0314	8e-04
"rs6592"	0.0200967016991224	0.00351812934452285	0.0403416	0.00424126	-0.275352	0.0107	-0.01
"rs660629"	-0.073063287257829	0.00273430153719493	0.0393486	0.337136	-0.213883	0.0245	0.0025
"rs663476"	-0.0590952294334121	0.00229225407582314	0.0462199	0.385818	-0.216974	0.0286	0.0041
"rs663493"	-0.0590952294334121	0.0023462838310453	0.0462199	0.385491	-0.216842	0.0287	0.0047
"rs66465239"	-0.00631992874481935	2.22944302149898e-05	-0.0198906	-0.11493	-0.19045	-0.0185	0.0021
"rs66632384"	-0.00449609229199161	0.00121356303071343	0.0349172	-0.0627339	-0.300312	-0.0167	-0.0251
"rs66639430"	-0.00105856007707588	0.000800039115008512	0.0133692	0.0313139	-0.265343	0.0131	0.0195
"rs66648318"	-0.0113157826583243	0.00150171449993458	0.019061	-0.0291855	-0.261998	-0.0294	-0.026
"rs66748925"	-0.00165336605669106	0.00926415781692395	0.0338718	-0.0614241	-0.342041	0.0253	-0.0117
"rs667660"	-0.0585543288525969	0.00130935620492286	0.0460805	0.376735	-0.208239	0.0203	0.0046
"rs66791449"	-0.00465883554076631	-5.0480385051673e-05	-0.0203019	-0.117975	-0.19019	-0.0192	0.002
"rs66958101"	-0.0147177770869498	0.000771513339926762	0.0322516	-0.0582182	-0.299929	-0.0168	-0.0209
"rs67040465"	-0.00828119463638665	0.00152702204562034	0.0322525	-0.0558762	-0.307544	-0.0179	-0.0229
"rs67091024"	0.0142282960106312	0.00355546740247266	0.0400729	-0.00349788	-0.270372	0.0097	-0.0082
"rs67147615"	0.0126990249774084	0.00172924888652619	0.0531204	0.263018	-0.322966	0.0613	0.0381
"rs67163493"	-0.00457946978363315	0.00114980507701594	0.0348449	-0.0625947	-0.300335	-0.0165	-0.0249
"rs671673"	-0.073063287257829	0.00244965703433465	0.0400505	0.337193	-0.213883	0.026	0.0024
"rs67196635"	-0.00310481495347876	0.00156459418963279	0.0339334	-0.058789	-0.303843	-0.0177	-0.0249
"rs67239991"	-0.00916587861629397	0.00161214552462871	0.0302756	-0.0557348	-0.303669	-0.0177	-0.0244
"rs67315960"	-0.00309879631375155	0.00111019938428347	0.0350491	-0.0625229	-0.300257	-0.0166	-0.0252
"rs67483801"	-0.00687558273969219	0.00133747471943137	0.0360752	-0.0551749	-0.303743	-0.0175	-0.0247
"rs678040"	-0.0711738194545249	0.0026189284471721	0.0449307	0.337341	-0.214417	0.0253	0.0024
"rs67885733"	-0.0104291954905392	0.00141061762624105	0.0192888	-0.0190362	-0.261929	-0.0297	-0.026
"rs679320"	-0.073063287257829	0.00247894140737946	0.0400137	0.337199	-0.213927	0.0259	0.0023
"rs68116612"	-0.00466687293070435	0.00121462388115958	0.0354518	-0.0554704	-0.300734	-0.0173	-0.0262
"rs688926"	-0.0611224957350881	0.00226020410068749	0.0396909	0.335106	-0.211733	0.0284	0.0026
"rs6944766"	-0.0603605941748005	-0.00271643244510843	0.0196717	0.00448542	-0.155322	-0.026	0.0019
"rs6945952"	-0.00972614598447374	0.00208821311435493	0.0376541	-0.0454988	-0.37065	-0.0112	-0.0259
"rs6945984"	0.0231011029079872	-0.00242362283028138	0.0314539	0.0655891	-0.161109	-0.0349	0.0037
"rs6946168"	0.0553968632202877	-0.00968111580091293	-0.0624019	-0.00471229	0.60782	-3e-04	0.0259
"rs6946204"	0.0595228386055774	-0.00927950876166158	-0.0614955	-0.00220493	0.600442	0	0.0254
"rs6946768"	-0.00544278511868738	0.00242938915070251	0.0355613	-0.0398561	-0.379431	-0.011	-0.0275
"rs6947033"	-0.012696257461238	-0.000247031066752434	0.00787701	-0.0488364	-0.113456	6e-04	-0.0255
"rs6948685"	-0.0121495072699239	0.00210785944571448	0.0355706	-0.0453094	-0.370644	-0.0116	-0.0257
"rs6948729"	0.0327091744097047	-0.0155317588471065	-0.0681183	0.105776	0.762339	0.0084	0.0307
"rs694924"	-0.0760056176984927	0.00253860680004999	0.0491738	0.337478	-0.214667	0.0255	0.0029
"rs694939"	-0.0711738194545249	0.00250314033745884	0.0479881	0.337304	-0.214919	0.0253	0.0023
"rs6950205"	0.0528390990157185	-0.0107964165411975	-0.0670105	-0.0119063	0.639151	-7e-04	0.037
"rs6952341"	-0.112284430730651	0.000193445361406059	-0.0132447	0.0577251	-0.21708	-0.013	-0.0196
"rs6953107"	-0.0133709946584725	0.000700226983030913	0.0329307	-0.0545296	-0.301602	-0.0182	-0.021
"rs6953441"	0.0555860672395457	-0.0108713438245472	-0.0668003	-0.0063254	0.632394	-0.0013	0.0335
"rs6953580"	-0.0127620901459744	-0.000153762989750357	0.00777881	-0.0499519	-0.113295	2e-04	-0.0254
"rs6953749"	-0.0043092715880984	0.00114332108811873	0.0371128	-0.0602572	-0.300186	-0.0169	-0.0256
"rs6955348"	0.0149674271217864	0.0151823737987674	0.0229057	-0.0656887	-0.343775	0.0121	-0.0152
"rs6955362"	-0.0072451830669726	0.00144184970641847	0.0331719	-0.0535533	-0.302809	-0.0181	-0.0227
"rs6955367"	-0.0131288068604123	0.00229807480918552	0.0360086	-0.0430205	-0.371832	-0.0111	-0.0265
"rs6956344"	-0.0151045007959532	-0.00363034446286473	0.0360173	0.125241	-0.133349	-0.0334	0.0042
"rs6957928"	-0.00340579313483282	0.00123875953365257	0.0353072	-0.0624469	-0.30019	-0.0167	-0.0252
"rs6958696"	-0.115045037396923	0.00129701994551048	-0.00701026	0.0740496	-0.2662	-0.0081	-0.0123
"rs6960458"	0.0315955615897506	-0.0143874223219357	-0.0668433	0.106626	0.762625	0.0083	0.0308
"rs6962151"	-0.00534224441067546	0.00124796560272206	0.0346986	-0.0591524	-0.303602	-0.0176	-0.0247
"rs6962405"	0.00758119002031307	0.0101342837714536	0.0303877	-0.105572	-0.350887	0.0248	-0.0133
"rs6963345"	0.0138733189325065	0.00923156637712392	0.0404225	-0.0490692	-0.333282	0.0251	-0.0134
"rs6965458"	-0.00695412396733198	0.00268190470265813	0.0365754	-0.0388719	-0.379134	-0.0111	-0.0273
"rs6967277"	-0.00799588203316141	0.001703791470164	0.0257916	-0.0557319	-0.303766	-0.0177	-0.0245
"rs6967287"	0.0817735166514471	-0.0247115644428194	-0.0489831	-0.0245041	0.490894	7e-04	0.0337
"rs6967487"	-0.0518028978975756	5.26092206299472e-05	0.0168877	0.074893	-0.203353	-0.0107	-0.0126
"rs6969584"	-0.0961706499025594	0.00136242774430583	-0.00992488	0.0309144	-0.269135	-0.0105	-0.0123
"rs6969697"	-0.0961706499025594	0.00139612599022681	-0.00999387	0.0295752	-0.269106	-0.0106	-0.0122
"rs6970240"	0.00839466598826922	0.00229680588376078	0.0548575	0.232383	-0.325842	0.0637	0.0403
"rs6970806"	-0.00449609229199161	0.00134752728276436	0.0352418	-0.0625657	-0.30032	-0.0164	-0.0249
"rs6974282"	-0.00710518213004701	0.000686073549047857	0.0334713	-0.0549603	-0.303307	-0.0208	-0.0232
"rs6974286"	-0.00787895762868748	0.000697749358990213	0.0328006	-0.0554456	-0.303385	-0.0199	-0.0229
"rs6974305"	0.0546112837677466	-0.0110504358793441	-0.06721	-0.00426651	0.63262	-0.0013	0.0339
"rs6975031"	-0.0485591408573725	0.000338238489433779	0.0148555	0.0493837	-0.200181	-0.0172	-0.0238
"rs6975514"	-0.0072451830669726	0.00138326360983278	0.0331367	-0.0535533	-0.302809	-0.0181	-0.0227
"rs6975660"	-0.0137247550386682	0.00226675400850561	0.0357827	-0.0417087	-0.37148	-0.0114	-0.0267
"rs6975729"	-0.00405119502026933	0.0014019806264284	0.0355839	-0.0621559	-0.302811	-0.0178	-0.0239
"rs6979910"	-0.0174839574898369	0.00197005862977596	0.0348381	-0.0486344	-0.371128	-0.0089	-0.028
"rs705866"	-0.00857264030475842	0.00276867212853279	0.0361502	-0.0391228	-0.379317	-0.0108	-0.027
"rs705867"	0.0134855222853471	-0.0122029926524625	-0.0451159	-0.00772627	0.541651	0.0078	0.0066
"rs71569528"	0.0529813687879001	-0.0160733865798781	-0.0108028	-0.0602016	0.59628	0.0148	0.0489
"rs72615158"	0.0111674116918968	0.0035095372797617	0.0403302	-0.00837036	-0.266568	0.0088	-0.0082
"rs73154887"	0.0115925460358072	0.00415862846424485	0.0600592	0.197603	-0.382862	0.071	0.044
"rs73154890"	-0.00619716280798626	7.59866541057651e-06	-0.019662	-0.115051	-0.190443	-0.0194	0.0036
"rs73154891"	0.0214189673733	0.00138639636035387	0.0537586	0.252242	-0.32563	0.0662	0.0409
"rs73154894"	0.0114343776256632	0.00174310033931253	0.0548796	0.235428	-0.327509	0.0673	0.0416
"rs73154895"	0.0182818636780125	0.00141165348859578	0.0539823	0.250777	-0.324824	0.0651	0.0397
"rs73154897"	0.00839466598826922	0.00208969717332242	0.0546863	0.231185	-0.325804	0.0643	0.0398
"rs73154902"	0.0165227445526616	0.00231175758857702	0.0544343	0.241011	-0.325587	0.0601	0.0404
"rs73156208"	0.0164243784141418	0.00190906618789136	0.0565001	0.246494	-0.325988	0.0609	0.0409
"rs73156210"	0.0133307494086433	0.00188514662725766	0.0560755	0.234491	-0.326481	0.0652	0.0378
"rs73156234"	-0.115266080846325	0.00128356438240533	-0.00598985	0.0739268	-0.266235	-0.0085	-0.0126
"rs73156680"	0.0467977043485401	0.0140706400908812	0.0258701	0.111334	-0.280646	0.0078	-0.0053
"rs73156683"	0.0751445775497956	0.0153022157726877	0.0185291	0.0792217	-0.309687	0.005	-0.0037
"rs73156689"	0.0294520004219282	-0.00757354264616687	-0.0653646	0.109051	0.634188	-0.0095	0.0075
"rs73158411"	0.0124916534112568	0.00918185239244504	0.0390626	-0.0478438	-0.333574	0.0251	-0.0127
"rs73161728"	-0.0354085486944605	0.00789261085253375	0.025525	0.16188	-0.374595	-0.019	0.0245
"rs73161741"	0.0229838363903753	0.00669047940815076	0.037355	0.0475344	-0.420931	0.0134	0.0244
"rs73161745"	-0.00150112612626709	0.00544098833009023	0.0398686	-0.0102417	-0.46833	0.0116	-0.0061
"rs73161759"	-0.00462769126490588	0.00149914068899435	0.0351338	-0.0584653	-0.300745	-0.0175	-0.0251
"rs73161762"	0.000619807879405809	0.0018514445582963	0.0344576	-0.0535001	-0.307179	-0.0169	-0.0264
"rs73161774"	0.0103462920541443	0.00811394656139112	0.0429258	0.0485287	-0.415857	0.0165	0.0226
"rs73161780"	-0.00440468640408304	0.00744060946919451	0.0473313	0.06874	-0.391242	0.0504	0.0394
"rs73399514"	-0.0137805166587707	-0.000760812453397121	0.00802852	-0.0613496	-0.106011	1e-04	-0.0235
"rs73401443"	-0.0111853231423058	0.00221263650466407	0.0365239	-0.0421504	-0.371716	-0.011	-0.027
"rs73401451"	-0.00972614598447374	0.00210048398070642	0.0371579	-0.0450528	-0.370689	-0.011	-0.0259
"rs73405353"	-0.00829732781578293	0.00154670034677454	0.0337445	-0.0588632	-0.308324	-0.0093	-0.0229
"rs73407376"	-0.0908562134550183	0.00123306761434902	-0.00995445	0.035946	-0.264326	-0.0101	-0.0129
"rs73410654"	-0.0246083161434168	-0.00371879685692308	0.0123964	0.136303	-0.119937	-0.0218	0.0096
"rs7341389"	-0.040307543539523	0.00555057186538381	0.0224273	0.00977361	-0.302155	-0.0083	-0.0197
"rs7341507"	-0.0081218934640771	0.00178594833300423	0.0359858	-0.0464534	-0.370565	-0.0115	-0.0265
"rs73711133"	0.0165227445526616	0.00189073722032213	0.0547366	0.244233	-0.325037	0.0605	0.0402
"rs73711136"	0.0142381546865126	0.00148921878169569	0.055224	0.259303	-0.323526	0.0587	0.0391
"rs73711137"	0.0102770101609393	0.00161517858277133	0.0564109	0.26437	-0.323653	0.0584	0.0404
"rs73713594"	-0.01114891887289	-0.00307446760048449	0.0196826	0.232845	-0.0673135	0.0178	4e-04
"rs73713595"	-0.013180482179329	-0.00301128964287332	0.0195295	0.235454	-0.0727635	0.0174	0
"rs7384878"	-0.0160450358936146	-0.0183171136053326	-0.0844394	0.0503251	1.00397	-0.0116	0.0175
"rs7385804"	-0.119434648818827	-0.00311519997723409	-0.00625604	0.0372523	0.0865308	-0.0071	-0.019
"rs74412207"	-0.0181273114218276	0.000888049544879064	0.00890324	0.152708	-0.110071	-0.0048	-0.0125
"rs7457024"	-0.0886749417647062	0.00172473685941041	-0.00133891	0.0364687	-0.238495	2e-04	-0.018
"rs7457787"	-0.0102301499988939	0.00795040915826694	0.0246899	0.146746	-0.370413	-0.013	0.0246
"rs7457868"	-0.0644585243374005	-0.00607187255565312	0.000820425	-0.0207925	0.46176	-0.0067	-0.0198
"rs74608266"	-0.0229309152907214	0.00100002069608334	0.0090079	0.15142	-0.111441	-0.0073	-0.0125
"rs74742883"	-0.0197303699068078	-0.000429731386515457	0.0110411	-0.0487194	-0.11582	-0.0027	-0.0253
"rs74771874"	0.108002023801278	0.00238169132892655	0.0128428	-0.0306684	-0.260883	0.054	0.0381
"rs74774557"	-0.0156884222563234	-0.000101184326240337	0.0169827	-0.0651802	-0.138087	-6e-04	-0.0254
"rs74931323"	0.0172012073197748	0.00372657856674915	0.0394687	-0.000486228	-0.271647	0.0097	-0.0098
"rs74987581"	0.0040418208263318	0.00188377152450974	0.0557289	0.244507	-0.325559	0.0622	0.0404
"rs75227933"	-0.0248440740600808	0.000724926137325107	0.00821326	0.151869	-0.111261	-0.0059	-0.0137
"rs75277881"	0.118955681172135	0.0038234872465152	0.0192947	-0.0262404	-0.280185	0.0465	0.044
"rs75298748"	-0.0223355925458245	0.000580798523216462	0.0102051	0.155685	-0.110775	-0.0075	-0.0145
"rs75655792"	-0.00291825396404403	-0.000125175110653161	0.0167456	-0.070531	-0.129857	0.0054	-0.0261
"rs76022902"	0.0101285327960409	0.00147563387390449	-0.0214144	-0.0767217	-0.201839	-0.0244	-0.0039
"rs76238526"	0.0037031349243813	0.000628424482102497	0.0539243	0.253087	-0.307574	0.0665	0.0439
"rs76281814"	-0.00331248020987147	-0.000345009420324439	0.00742199	-0.0412545	-0.102775	-0.0043	-0.0255
"rs76483787"	0.0506075593249957	-0.0135685382229627	0.00432694	-0.0482036	0.610515	-0.0073	0.0628
"rs76798830"	-0.00387951559853779	0.0024204946980388	0.0364454	-0.0402208	-0.379212	-0.0107	-0.0276
"rs76913697"	-0.0043092715880984	0.00129056253565833	0.0347581	-0.0603814	-0.300183	-0.0169	-0.0255
"rs76972859"	-0.0196018674497863	0.00075353849898901	0.00908988	0.151462	-0.111558	-0.0072	-0.0136
"rs76986916"	-0.0132149338755211	0.000573304391889905	0.00842731	0.150667	-0.111403	-0.0076	-0.0146
"rs77220350"	0.028830381667877	0.0113326403964778	0.0175625	-0.0195522	-0.330131	0.0298	0.0103
"rs77484847"	-0.0192827224701186	-0.0124937476744182	-0.0607935	0.123767	0.690086	-0.0265	0.0178
"rs77611862"	-0.0197211906122365	0.00062671207008926	0.0115584	0.155248	-0.110549	-0.0078	-0.0137
"rs77639804"	-0.0611065504253741	-0.00383820903509814	0.00704917	0.128885	-0.0532934	-0.0247	-0.0222
"rs77686669"	-0.0164820863992156	0.00359129081178446	0.0243579	-0.0342142	-0.26639	0.0113	-0.0149
"rs7778571"	-0.00790213982919338	0.00885701243436554	0.0197499	0.0156402	-0.276314	0	-0.0137
"rs7781442"	0.017496047616751	-0.00706057680067349	-0.0238	-0.0309803	0.360115	-0.0143	0.0149
"rs7782051"	0.0437010460710946	0.0129741090439935	0.0381365	-0.119166	-0.383908	0.013	-0.0058
"rs7782305"	-0.0127620901459744	-0.000401155510676269	0.00834643	-0.0507522	-0.113469	0.001	-0.0257
"rs7783159"	0.00102946991396127	0.00198774144506842	0.0349177	-0.0570607	-0.308107	-0.016	-0.0265
"rs77834981"	-0.0167789831189592	0.00074944874134964	0.00902598	0.151462	-0.111558	-0.0073	-0.0138
"rs7783550"	-0.00396585361191361	0.00132482209191531	0.0350238	-0.0542702	-0.301125	-0.0166	-0.0271
"rs7784759"	0.0214189673733	0.0017299563171168	0.0545331	0.254126	-0.325809	0.0652	0.0399
"rs7785392"	-0.0290653340170186	0.00710487355261663	0.0249503	0.0512512	-0.346625	-0.0115	-0.0181
"rs77861211"	-0.0117922561565459	0.00207571090682684	0.0361685	-0.0460951	-0.370732	-0.0114	-0.0255
"rs7786505"	-0.011154986159094	-0.000239147532623399	0.00843411	-0.0502387	-0.113368	7e-04	-0.0256
"rs7786844"	-0.0186294557311313	0.00212601812068086	0.035582	-0.0479352	-0.371376	-0.009	-0.028
"rs7786877"	-0.0880926886691702	0.0018151138837357	-0.000901446	0.0376002	-0.239371	-2e-04	-0.0178
"rs7787294"	-0.0221607454726616	0.00794501217502837	0.0259414	0.0492831	-0.350991	-0.0115	-0.0188
"rs7787492"	-0.0221607454726616	0.00791683136376553	0.0259794	0.0493626	-0.351022	-0.0115	-0.0188
"rs7787525"	-0.0191389875537548	0.00477262126674608	0.0364466	0.0977306	-0.283722	-0.0118	0.0234
"rs7787620"	-0.0136365566429095	0.000899583727277071	0.0314756	-0.0558039	-0.299972	-0.0193	-0.021
"rs7787825"	-0.0136365566429095	0.000976146705495628	0.0331134	-0.0579376	-0.300048	-0.0191	-0.021
"rs7789890"	-0.00501857199247944	-0.000514127141067935	0.00968067	-0.0576456	-0.112818	8e-04	-0.0259
"rs77906460"	0.0214189673733	0.00136394050511321	0.0539546	0.25227	-0.325565	0.067	0.0408
"rs7792525"	-0.0110194922025239	0.00208119635060455	0.0364743	-0.0449493	-0.370298	-0.0111	-0.0256
"rs7792959"	-0.0141506498551721	0.00220953295168276	0.0353495	-0.0417154	-0.371344	-0.012	-0.0269
"rs7793561"	0.00347395881150026	0.000587503167156232	0.0136837	0.0229256	-0.266858	0.0152	0.0205
"rs7794485"	-0.00600499394026049	0.00160976555512172	0.0321601	-0.0563296	-0.308181	-0.0158	-0.0237
"rs7796006"	0.0159225605438151	0.00381376940534473	0.0405791	0.00446205	-0.27738	0.009	-0.0099
"rs7798789"	-0.0423523315555469	0.00394108348215338	0.0332268	0.0972089	-0.283657	-9e-04	0.0299
"rs7799441"	0.00777010926442983	-0.013220447763763	-0.0434297	0.0418655	0.528595	0.006	0.0067
"rs7800667"	-0.00870275939416895	0.00129966727873054	0.0304557	-0.0581183	-0.302751	-0.0181	-0.0239
"rs7801070"	-0.00828926119354985	-0.000499769199243675	0.00728219	-0.0481701	-0.0971109	-0.0053	-0.0242
"rs7803454"	-0.00119471338591175	0.00236642121515668	0.0346293	-0.0500366	-0.308486	-0.0166	-0.028
"rs7803714"	0.00634979729874966	0.00932180459774908	0.0334522	-0.069226	-0.344453	0.0252	-0.0117
"rs7805498"	-0.0204649866076848	0.00154832711147194	0.0415286	0.0640328	-0.254704	-0.0326	-0.0453
"rs7806537"	0.00605165176176746	0.00597081376974566	0.0506811	-0.00487114	-0.461053	-0.0022	-3e-04
"rs7807156"	-0.0444054909141107	0.00724106452107319	0.0223742	0.0596061	-0.363385	-0.0128	-0.0258
"rs7808970"	-0.00184369856816221	0.00551971201694838	0.0500008	-0.00353587	-0.459723	-0.0019	5e-04
"rs7809801"	-0.0115474155142045	0.00100081053638868	0.0319857	-0.0566502	-0.301171	-0.017	-0.0221
"rs7809835"	-0.0280857377340008	0.00799430681028723	0.0343961	0.166347	-0.333913	-0.0068	0.0054
"rs7811662"	0.0324671901375014	-0.0144804114734062	-0.0664105	0.0529696	0.764676	0.0089	0.0308
"rs7812123"	-0.0927481645699629	0.00151537637888958	-0.0103562	0.0336746	-0.268025	-0.0096	-0.0125
"rs78166503"	-0.1136626610707	0.00109448536662135	-0.0180221	0.0467207	-0.190885	0.0012	-0.0079
"rs78256546"	-0.00845968242179178	0.00176782943726601	0.035865	-0.0464274	-0.370523	-0.0115	-0.0261
"rs78828444"	-0.0229309152907214	0.0010482655067488	0.00847904	0.153742	-0.110252	-0.0052	-0.0122
"rs78884002"	-0.0216670442418219	0.000279960066117308	0.00583522	0.11178	-0.106908	-0.006	-0.0199
"rs79250696"	-0.0211388596571295	0.000350585422099134	0.0161551	0.129707	-0.0591278	-0.0339	-0.0329
"rs79290209"	-0.0229309152907214	0.000938334538131322	0.00923595	0.153368	-0.11028	-0.0063	-0.0127
"rs79335386"	-0.0223355925458245	0.000737382806305162	0.0115834	0.142906	-0.110837	-0.0087	-0.0142
"rs79533752"	-0.0167789831189592	0.00221652024953475	0.00919386	0.151468	-0.11138	-0.0069	-0.0133
"rs79915538"	-0.0201853605292003	0.000790538082447936	0.00907851	0.151511	-0.111409	-0.0071	-0.0139
"rs79982004"	-0.026964290898808	0.00269366122269191	0.0103899	0.165603	-0.126198	-0.0054	-0.0119
"rs79986079"	-0.00501857199247944	-0.000286539823629123	0.00948659	-0.0574985	-0.113011	6e-04	-0.0258
"rs800666"	-0.0711738194545249	0.00249967741681775	0.0469325	0.337304	-0.214768	0.0253	0.0027
"rs800667"	-0.0711738194545249	0.00261295437468445	0.0459875	0.335782	-0.21427	0.0257	0.0024
"rs800672"	-0.0139062451745692	-0.00321498336566397	-0.0223032	0.114015	0.160658	-0.03	4e-04
"rs80322430"	-0.0229309152907214	0.000912349845462664	0.00837563	0.155717	-0.110458	-0.0046	-0.0122
"rs858502"	0.0150212562905501	-0.0129352892101324	-0.043892	-0.00836363	0.620023	0.0102	0.0062
"rs858503"	-0.0502622471521073	0.00312120228158519	0.0164076	0.0241493	-0.370084	-0.0218	-0.0269
"rs858505"	0.0326414247157622	-0.0151420708200698	-0.0640288	0.0412219	0.768616	0.0106	0.03
"rs858506"	0.032931748234974	-0.0148049610434801	-0.0655643	0.0411715	0.768632	0.0107	0.03
"rs858507"	0.0307813555894354	-0.0150636376427932	-0.0634416	0.0410788	0.768633	0.0107	0.0298
"rs858510"	0.01600129372694	-0.0119324983050863	-0.0450753	-0.00102545	0.538065	0.0088	0.0056
"rs858511"	0.0316536938017945	-0.015219859321631	-0.0644063	0.0420951	0.769523	0.0117	0.0297
"rs858512"	0.0316536938017945	-0.0150867526717466	-0.0647209	0.0416005	0.769538	0.0117	0.0297
"rs858513"	0.0303546020137471	-0.0152392315431925	-0.064449	0.0415971	0.769585	0.0118	0.0297
"rs858514"	0.0317505733128224	-0.0152340559915341	-0.0645181	0.0416292	0.769591	0.0116	0.0295
"rs863450"	0.0309946641022233	-0.015116707380056	-0.0650125	0.0411872	0.768691	0.0109	0.03
"rs866500"	0.0094155344096928	-0.0162059003337716	-0.077247	0.0578683	0.88184	-0.0076	0.0258
"rs886453"	0.00634979729874966	0.00933249586626469	0.0330702	-0.0690268	-0.344737	0.0317	-0.0117
"rs892752"	-0.0167789831189592	0.000752421191477885	0.00889613	0.151462	-0.111558	-0.0072	-0.0136
"rs909152"	0.0161882601965244	-0.0138166819205247	-0.0496914	-0.0124351	0.742527	-0.0117	0.0306
"rs941287"	0.0206650004435839	-0.0118265224894528	-0.0460203	-0.00167241	0.534915	0.0083	0.0064
"rs941289"	0.0131037693769772	0.00359421472848609	0.0415634	-0.00324644	-0.270461	0.0092	-0.0083
"rs941290"	-0.076698555588474	-0.000101499205340808	0.010014	0.00519559	-0.166291	-0.0133	-0.0212
"rs9801017"	-0.120244061497746	-0.00322639491952202	-0.00442806	0.0372444	0.0865927	-0.0067	-0.0189
"rs999885"	-0.0436227880833308	0.00690726590666575	0.0249141	0.0698548	-0.368713	-0.012	-0.0263
"rs999886"	-0.0510543755625051	0.00598146485057982	0.0211407	0.0262695	-0.316337	-0.0077	-0.0242
